"Invoice ID","Branch","City","Customer type","Gender","Product line","Unit price","Quantity","Tax 5%","Total","Date","Time","Payment","Cost of goods sold","Gross margin percentage","Gross income","Rating"
"750-67-8428","A","Yangon","Member","Female","Health and beauty","74.69","7","26.1415","548.9715","2019-01-05","13:08","Ewallet","522.83","4.761904762","26.1415","9.1"
"226-31-3081","C","Naypyitaw","Normal","Female","Electronic accessories","15.28","5","3.82","80.22","2019-03-08","10:29","Cash","76.40","4.761904762","3.82","9.6"
"631-41-3108","A","Yangon","Normal","Male","Home and lifestyle","46.33","7","16.2155","340.5255","2019-03-03","13:23","Credit card","324.31","4.761904762","16.2155","7.4"
"123-19-1176","A","Yangon","Member","Male","Sports and travel","58.22","8","23.288","489.048","2019-01-27","20:33","Ewallet","465.76","4.761904762","23.288","8.4"
"373-73-7910","B","Mandalay","Normal","Male","Health and beauty","86.31","7","30.2085","634.3785","2019-02-08","10:37","Credit card","604.17","4.761904762","30.2085","5.3"
"699-14-3026","C","Naypyitaw","Member","Female","Electronic accessories","85.39","7","29.8865","627.6165","2019-03-25","18:30","Ewallet","597.73","4.761904762","29.8865","4.1"
"355-53-5943","A","Yangon","Member","Male","Home and lifestyle","68.84","6","20.652","433.692","2019-02-25","14:36","Ewallet","413.04","4.761904762","20.652","5.8"
"315-22-5665","B","Mandalay","Normal","Female","Fashion accessories","73.56","10","36.78","772.38","2019-02-24","11:38","Cash","735.60","4.761904762","36.78","8.0"
"665-32-9167","B","Mandalay","Member","Female","Food and beverages","36.26","2","3.626","76.146","2019-01-10","12:12","Credit card","72.52","4.761904762","3.626","7.2"
"692-92-5582","C","Naypyitaw","Normal","Male","Sports and travel","62.54","2","6.254","131.334","2019-02-20","17:45","Credit card","125.08","4.761904762","6.254","6.6"
"235-33-8936","C","Naypyitaw","Member","Male","Home and lifestyle","11,71","9","5,2695","110,6595","2019-02-25","17:47","Cash","105,39","4,761904762","5,2695","9,2"
"203-24-7540","A","Yangon","Member","Female","Fashion accessories","58,1","6","17,43","366,03","2019-01-07","13:24","Cash","348,6","4,761904762","17,43","5"
"257-36-1817","A","Yangon","Normal","Female","Food and beverages","10,07","6","3,021","63,441","2019-02-21","11:40","Cash","60,42","4,761904762","3,021","6,5"
"912-61-1169","C","Naypyitaw","Normal","Male","Electronic accessories","73,59","6","22,077","463,617","2019-01-27","20:23","Credit card","441,54","4,761904762","22,077","5,8"
"571-88-5929","B","Mandalay","Member","Male","Food and beverages","45,45","7","15,9075","334,0575","2019-01-16","18:40","Ewallet","318,15","4,761904762","15,9075","5"
"377-64-2890","B","Mandalay","Member","Male","Food and beverages","47,82","9","21,519","451,899","2019-03-10","17:10","Ewallet","430,38","4,761904762","21,519","7,1"
"144-51-1857","B","Mandalay","Member","Female","Sports and travel","69,17","7","24,2095","508,3995","2019-02-14","13:34","Ewallet","484,19","4,761904762","24,2095","9,8"
"697-37-8403","C","Naypyitaw","Normal","Female","Home and lifestyle","17,16","1","0,858","18,018","2019-01-10","20:14","Ewallet","17,16","4,761904762","0,858","8,3"
"887-80-6486","C","Naypyitaw","Member","Male","Sports and travel","17,23","3","2,5845","54,2745","2019-01-17","10:14","Ewallet","51,69","4,761904762","2,5845","6,1"
"132-56-9790","B","Mandalay","Normal","Female","Food and beverages","49,86","9","22,437","471,177","2019-03-02","11:22","Credit card","448,74","4,761904762","22,437","5,9"
"140-44-6425","B","Mandalay","Member","Female","Health and beauty","17,23","5","4,3075","90,4575","2019-01-06","15:43","Credit card","86,15","4,761904762","4,3075","6,5"
"711-85-5808","A","Yangon","Normal","Female","Fashion accessories","60,76","9","27,342","574,182","2019-01-12","18:34","Cash","546,84","4,761904762","27,342","5,3"
"848-24-5884","A","Yangon","Member","Male","Home and lifestyle","86,74","8","34,696","728,616","2019-02-23","11:44","Credit card","693,92","4,761904762","34,696","5,1"
"493-44-6808","B","Mandalay","Member","Male","Food and beverages","29,01","8","11,604","243,684","2019-01-24","18:17","Credit card","232,08","4,761904762","11,604","5,5"
"673-44-9533","B","Mandalay","Normal","Female","Health and beauty","82,5","6","24,75","519,75","2019-03-13","19:55","Credit card","495","4,761904762","24,75","4,9"
"521-12-8027","C","Naypyitaw","Member","Male","Sports and travel","83,26","9","37,467","786,807","2019-01-07","13:21","Ewallet","749,34","4,761904762","37,467","6,6"
"323-12-9810","C","Naypyitaw","Normal","Female","Sports and travel","25,2","6","7,56","158,76","2019-02-28","20:15","Credit card","151,2","4,761904762","7,56","8,4"
"391-29-6212","C","Naypyitaw","Normal","Female","Fashion accessories","35,49","3","5,3235","111,7935","2019-03-30","15:34","Credit card","106,47","4,761904762","5,3235","7,1"
"822-18-9062","A","Yangon","Normal","Male","Home and lifestyle","71,65","5","17,9125","376,1625","2019-01-27","18:13","Cash","358,25","4,761904762","17,9125","5,7"
"515-30-2926","C","Naypyitaw","Member","Male","Electronic accessories","84,56","6","25,368","532,728","2019-01-07","10:56","Ewallet","507,36","4,761904762","25,368","6,8"
"368-49-5493","A","Yangon","Member","Male","Sports and travel","18,47","6","5,541","116,361","2019-02-13","16:19","Credit card","110,82","4,761904762","5,541","6,2"
"787-59-1757","B","Mandalay","Member","Female","Electronic accessories","86,31","1","4,3155","90,6255","2019-03-24","18:09","Cash","86,31","4,761904762","4,3155","5,8"
"828-98-2868","B","Mandalay","Normal","Male","Sports and travel","31,58","8","12,632","265,272","2019-01-16","11:18","Credit card","252,64","4,761904762","12,632","6,6"
"609-68-5989","C","Naypyitaw","Normal","Female","Fashion accessories","35,12","5","8,78","184,38","2019-01-03","11:44","Cash","175,6","4,761904762","8,78","9,9"
"196-48-2033","C","Naypyitaw","Normal","Female","Home and lifestyle","93,9","10","46,95","985,95","2019-03-16","10:45","Credit card","939","4,761904762","46,95","8,7"
"117-70-9360","C","Naypyitaw","Normal","Female","Sports and travel","61,53","6","18,459","387,639","2019-01-23","19:26","Credit card","369,18","4,761904762","18,459","8,5"
"238-12-3968","B","Mandalay","Normal","Male","Electronic accessories","85,75","6","25,725","540,225","2019-01-19","14:56","Cash","514,5","4,761904762","25,725","4,5"
"371-28-2004","B","Mandalay","Normal","Male","Electronic accessories","39,24","6","11,772","247,212","2019-02-20","11:51","Credit card","235,44","4,761904762","11,772","9,3"
"915-79-2631","A","Yangon","Normal","Male","Health and beauty","86,58","5","21,645","454,545","2019-02-22","20:35","Ewallet","432,9","4,761904762","21,645","6,6"
"434-79-8586","A","Yangon","Member","Male","Electronic accessories","85,59","7","29,9565","629,0865","2019-02-02","11:03","Cash","599,13","4,761904762","29,9565","9,5"
"804-76-2429","B","Mandalay","Member","Female","Food and beverages","43,05","10","21,525","452,025","2019-03-21","10:28","Ewallet","430,5","4,761904762","21,525","10"
"261-46-4596","B","Mandalay","Normal","Male","Fashion accessories","42,99","8","17,196","361,116","2019-02-17","10:47","Ewallet","343,92","4,761904762","17,196","9,9"
"584-18-3245","B","Mandalay","Normal","Male","Sports and travel","15,27","8","6,108","128,268","2019-03-24","12:31","Cash","122,16","4,761904762","6,108","7,5"
"815-11-7675","B","Mandalay","Member","Female","Fashion accessories","74,39","4","14,878","312,438","2019-02-03","17:23","Ewallet","297,56","4,761904762","14,878","9,1"
"996-52-5545","C","Naypyitaw","Normal","Female","Sports and travel","28,74","6","8,622","181,062","2019-01-26","14:36","Ewallet","172,44","4,761904762","8,622","5,8"
"870-21-9774","B","Mandalay","Normal","Female","Food and beverages","49,69","9","22,3605","469,5705","2019-02-28","10:56","Cash","447,21","4,761904762","22,3605","9,4"
"461-49-9451","A","Yangon","Member","Male","Fashion accessories","50,48","7","17,668","371,028","2019-02-28","13:13","Cash","353,36","4,761904762","17,668","8,3"
"504-14-8673","C","Naypyitaw","Normal","Female","Food and beverages","86,68","2","8,668","182,028","2019-03-18","20:14","Credit card","173,36","4,761904762","8,668","9,5"
"567-54-2531","B","Mandalay","Member","Male","Fashion accessories","66,25","3","9,9375","208,6875","2019-03-09","11:16","Ewallet","198,75","4,761904762","9,9375","5,6"
"422-73-7307","B","Mandalay","Member","Female","Health and beauty","65,11","3","9,7665","205,0965","2019-03-29","11:46","Cash","195,33","4,761904762","9,7665","8,7"
"643-64-2440","C","Naypyitaw","Normal","Male","Health and beauty","76,37","3","11,4555","240,5655","2019-01-05","16:00","Cash","229,11","4,761904762","11,4555","9"
"360-98-3920","C","Naypyitaw","Member","Male","Sports and travel","48,37","6","14,511","304,731","2019-03-08","16:11","Credit card","290,22","4,761904762","14,511","5,9"
"411-91-1370","A","Yangon","Normal","Male","Fashion accessories","99,87","9","44,9415","943,7715","2019-03-27","15:38","Credit card","898,83","4,761904762","44,9415","7,7"
"648-55-1287","B","Mandalay","Normal","Male","Food and beverages","29,46","6","8,838","185,598","2019-02-16","13:57","Ewallet","176,76","4,761904762","8,838","4,5"
"975-68-8956","B","Mandalay","Normal","Male","Health and beauty","66,89","6","20,067","421,407","2019-03-09","10:56","Ewallet","401,34","4,761904762","20,067","6,9"
"339-87-2285","A","Yangon","Normal","Male","Home and lifestyle","80,95","8","32,38","679,98","2019-01-03","20:06","Credit card","647,6","4,761904762","32,38","4,8"
"959-16-4347","B","Mandalay","Member","Male","Sports and travel","10,28","1","0,514","10,794","2019-01-01","10:03","Ewallet","10,28","4,761904762","0,514","5"
"420-13-5450","B","Mandalay","Normal","Male","Fashion accessories","24,99","3","3,7485","78,7185","2019-02-20","11:28","Credit card","74,97","4,761904762","3,7485","6,5"
"252-31-3207","B","Mandalay","Member","Male","Sports and travel","96,14","6","28,842","605,682","2019-03-29","20:45","Cash","576,84","4,761904762","28,842","9,1"
"349-36-5001","C","Naypyitaw","Normal","Male","Health and beauty","96,31","8","38,524","809,004","2019-03-05","20:06","Ewallet","770,48","4,761904762","38,524","5,2"
"323-83-4957","C","Naypyitaw","Normal","Male","Sports and travel","33,72","6","10,116","212,436","2019-02-14","11:19","Credit card","202,32","4,761904762","10,116","9,2"
"476-52-8196","A","Yangon","Normal","Female","Health and beauty","25,44","5","6,36","133,56","2019-02-08","15:42","Ewallet","127,2","4,761904762","6,36","5,7"
"171-37-1882","B","Mandalay","Normal","Female","Sports and travel","17,03","9","7,6635","160,9335","2019-02-07","15:22","Cash","153,27","4,761904762","7,6635","8,4"
"723-84-4365","B","Mandalay","Member","Female","Health and beauty","37,59","7","13,1565","276,2865","2019-02-18","20:29","Credit card","263,13","4,761904762","13,1565","9,6"
"744-62-9374","A","Yangon","Member","Male","Sports and travel","15,44","6","4,632","97,272","2019-01-23","12:09","Ewallet","92,64","4,761904762","4,632","8,3"
"895-57-8154","C","Naypyitaw","Normal","Male","Home and lifestyle","50,28","8","20,112","422,352","2019-03-22","14:52","Cash","402,24","4,761904762","20,112","7,7"
"242-69-4624","C","Naypyitaw","Member","Male","Home and lifestyle","73,59","6","22,077","463,617","2019-03-25","13:06","Credit card","441,54","4,761904762","22,077","6,4"
"385-50-6457","B","Mandalay","Normal","Female","Sports and travel","69,68","2","6,968","146,328","2019-01-13","10:24","Cash","139,36","4,761904762","6,968","6,4"
"192-90-3941","A","Yangon","Member","Female","Sports and travel","89,38","2","8,938","187,698","2019-03-02","15:52","Ewallet","178,76","4,761904762","8,938","6,7"
"275-46-5635","B","Mandalay","Normal","Male","Home and lifestyle","58,14","4","11,628","244,188","2019-01-24","12:26","Ewallet","232,56","4,761904762","11,628","9,3"
"109-35-7966","B","Mandalay","Normal","Male","Health and beauty","63,26","4","12,652","265,692","2019-01-12","12:38","Ewallet","253,04","4,761904762","12,652","7,3"
"943-64-6819","C","Naypyitaw","Member","Male","Sports and travel","32,57","8","13,028","273,588","2019-03-05","19:55","Ewallet","260,56","4,761904762","13,028","6,8"
"522-58-2126","C","Naypyitaw","Normal","Male","Electronic accessories","53,69","5","13,4225","281,8725","2019-01-15","13:35","Credit card","268,45","4,761904762","13,4225","4,4"
"401-82-6202","A","Yangon","Member","Female","Health and beauty","98,45","9","44,3025","930,3525","2019-02-08","12:29","Ewallet","886,05","4,761904762","44,3025","8,5"
"708-88-2464","B","Mandalay","Normal","Female","Sports and travel","21,7","7","7,595","159,495","2019-03-13","11:49","Credit card","151,9","4,761904762","7,595","8,6"
"448-35-6396","B","Mandalay","Normal","Female","Electronic accessories","65,13","7","22,7955","478,7055","2019-03-29","20:39","Credit card","455,91","4,761904762","22,7955","8,2"
"465-36-7513","A","Yangon","Normal","Male","Electronic accessories","98,65","10","49,325","1035,825","2019-02-24","15:04","Cash","986,5","4,761904762","49,325","7,9"
"303-14-9256","C","Naypyitaw","Member","Female","Electronic accessories","80,59","2","8,059","169,239","2019-02-18","19:23","Credit card","161,18","4,761904762","8,059","8,9"
"601-65-5923","C","Naypyitaw","Member","Male","Fashion accessories","87,06","5","21,765","457,065","2019-01-16","19:19","Ewallet","435,3","4,761904762","21,765","9,3"
"183-35-3147","A","Yangon","Normal","Male","Sports and travel","22,89","6","6,867","144,207","2019-03-12","19:05","Ewallet","137,34","4,761904762","6,867","4,3"
"150-33-8878","A","Yangon","Normal","Female","Fashion accessories","30,02","6","9,006","189,126","2019-03-31","12:40","Credit card","180,12","4,761904762","9,006","7,3"
"327-11-4125","A","Yangon","Normal","Female","Electronic accessories","72,51","5","18,1275","380,6775","2019-02-01","12:23","Ewallet","362,55","4,761904762","18,1275","9,6"
"997-85-1577","B","Mandalay","Member","Female","Health and beauty","37,56","8","15,024","315,504","2019-01-22","11:33","Cash","300,48","4,761904762","15,024","5,8"
"561-70-5137","A","Yangon","Member","Female","Home and lifestyle","32,82","5","8,205","172,305","2019-02-07","14:38","Ewallet","164,1","4,761904762","8,205","7,1"
"143-92-4662","B","Mandalay","Normal","Female","Sports and travel","82,2","9","36,99","776,79","2019-02-12","14:29","Cash","739,8","4,761904762","36,99","4,6"
"996-23-1409","B","Mandalay","Member","Female","Home and lifestyle","73","2","7,3","153,3","2019-03-12","11:14","Cash","146","4,761904762","7,3","8,3"
"533-38-8998","B","Mandalay","Member","Male","Fashion accessories","35,12","7","12,292","258,132","2019-01-24","18:07","Ewallet","245,84","4,761904762","12,292","6,4"
"247-44-1367","A","Yangon","Normal","Male","Fashion accessories","94,75","8","37,9","795,9","2019-01-25","20:17","Credit card","758","4,761904762","37,9","7,5"
"481-30-2015","C","Naypyitaw","Member","Male","Electronic accessories","69,91","6","20,973","440,433","2019-03-05","12:11","Cash","419,46","4,761904762","20,973","7"
"430-28-7253","B","Mandalay","Member","Male","Health and beauty","30,87","6","9,261","194,481","2019-02-03","13:51","Cash","185,22","4,761904762","9,261","9,4"
"647-38-6054","C","Naypyitaw","Normal","Female","Fashion accessories","80,53","10","40,265","845,565","2019-01-18","15:59","Credit card","805,3","4,761904762","40,265","5,7"
"274-93-9009","B","Mandalay","Normal","Female","Food and beverages","22,34","8","8,936","187,656","2019-02-03","10:42","Cash","178,72","4,761904762","8,936","9,8"
"181-12-9754","A","Yangon","Normal","Female","Sports and travel","20,18","9","9,081","190,701","2019-01-21","14:10","Cash","181,62","4,761904762","9,081","5,9"
"529-38-8540","A","Yangon","Normal","Male","Electronic accessories","29,18","3","4,377","91,917","2019-02-18","17:24","Credit card","87,54","4,761904762","4,377","8,9"
"497-31-9289","C","Naypyitaw","Member","Female","Home and lifestyle","49,44","1","2,472","51,912","2019-02-28","19:22","Cash","49,44","4,761904762","2,472","4,6"
"445-73-3369","B","Mandalay","Member","Female","Home and lifestyle","44,96","10","22,48","472,08","2019-03-15","15:01","Ewallet","449,6","4,761904762","22,48","5,9"
"848-64-3790","A","Yangon","Member","Male","Electronic accessories","45,14","8","18,056","379,176","2019-01-30","18:28","Credit card","361,12","4,761904762","18,056","9,3"
"913-57-2639","B","Mandalay","Normal","Male","Health and beauty","40,63","9","18,2835","383,9535","2019-03-09","10:35","Cash","365,67","4,761904762","18,2835","8,7"
"779-26-6033","B","Mandalay","Normal","Female","Food and beverages","17,62","5","4,405","92,505","2019-01-16","20:35","Cash","88,1","4,761904762","4,405","9,3"
"493-83-5047","A","Yangon","Normal","Female","Sports and travel","90,43","10","45,215","949,515","2019-03-01","17:14","Credit card","904,3","4,761904762","45,215","4,5"
"554-28-7909","C","Naypyitaw","Normal","Male","Food and beverages","15,5","8","6,2","130,2","2019-01-30","14:33","Cash","124","4,761904762","6,2","6"
"580-24-5652","C","Naypyitaw","Member","Male","Sports and travel","91,74","8","36,696","770,616","2019-01-11","17:44","Ewallet","733,92","4,761904762","36,696","4,6"
"674-29-5494","C","Naypyitaw","Member","Female","Electronic accessories","29,69","9","13,3605","280,5705","2019-01-17","15:31","Ewallet","267,21","4,761904762","13,3605","8,8"
"928-33-8161","B","Mandalay","Member","Male","Fashion accessories","56,98","4","11,396","239,316","2019-03-26","13:33","Credit card","227,92","4,761904762","11,396","6,2"
"596-87-6443","A","Yangon","Member","Female","Fashion accessories","35,49","4","7,098","149,058","2019-02-19","13:45","Ewallet","141,96","4,761904762","7,098","5,3"
"913-64-6323","A","Yangon","Member","Male","Health and beauty","82,55","4","16,51","346,71","2019-02-02","12:41","Ewallet","330,2","4,761904762","16,51","8,5"
"450-94-1847","B","Mandalay","Member","Male","Electronic accessories","44,28","7","15,498","325,458","2019-01-19","12:04","Ewallet","309,96","4,761904762","15,498","5,5"
"605-20-7308","A","Yangon","Member","Male","Food and beverages","92,93","8","37,172","780,612","2019-03-28","18:40","Ewallet","743,44","4,761904762","37,172","5,5"
"776-83-1471","A","Yangon","Member","Female","Sports and travel","86,28","6","25,884","543,564","2019-03-02","14:11","Cash","517,68","4,761904762","25,884","4,9"
"371-66-4157","A","Yangon","Normal","Female","Health and beauty","55,31","8","22,124","464,604","2019-02-11","18:07","Credit card","442,48","4,761904762","22,124","7,1"
"968-42-2093","C","Naypyitaw","Normal","Male","Food and beverages","78,52","8","31,408","659,568","2019-03-01","12:05","Credit card","628,16","4,761904762","31,408","5"
"580-71-8444","B","Mandalay","Normal","Male","Home and lifestyle","96,26","8","38,504","808,584","2019-01-03","11:58","Credit card","770,08","4,761904762","38,504","8,8"
"760-56-7841","C","Naypyitaw","Normal","Male","Food and beverages","38,49","8","15,396","323,316","2019-03-02","14:07","Credit card","307,92","4,761904762","15,396","8,6"
"737-11-1513","B","Mandalay","Member","Male","Fashion accessories","88,15","5","22,0375","462,7875","2019-01-04","11:02","Ewallet","440,75","4,761904762","22,0375","8,9"
"985-54-8620","B","Mandalay","Normal","Male","Sports and travel","32,69","8","13,076","274,596","2019-02-15","18:53","Ewallet","261,52","4,761904762","13,076","7,7"
"799-41-5782","A","Yangon","Normal","Male","Sports and travel","10,83","9","4,8735","102,3435","2019-03-10","11:06","Ewallet","97,47","4,761904762","4,8735","5,9"
"817-88-2254","B","Mandalay","Member","Male","Sports and travel","36,89","3","5,5335","116,2035","2019-02-27","19:10","Ewallet","110,67","4,761904762","5,5335","6"
"490-39-7675","B","Mandalay","Normal","Male","Home and lifestyle","15,84","10","7,92","166,32","2019-01-30","10:08","Ewallet","158,4","4,761904762","7,92","5,8"
"922-17-9538","C","Naypyitaw","Normal","Female","Sports and travel","97,95","2","9,795","205,695","2019-02-13","16:25","Credit card","195,9","4,761904762","9,795","7,7"
"755-59-1963","C","Naypyitaw","Normal","Male","Health and beauty","16,8","9","7,56","158,76","2019-01-12","10:20","Cash","151,2","4,761904762","7,56","6,2"
"568-43-9693","A","Yangon","Member","Female","Health and beauty","72,83","2","7,283","152,943","2019-03-06","12:37","Cash","145,66","4,761904762","7,283","6,6"
"762-17-4130","B","Mandalay","Normal","Female","Sports and travel","72,74","7","25,459","534,639","2019-01-18","10:15","Credit card","509,18","4,761904762","25,459","8,4"
"145-74-3057","A","Yangon","Member","Male","Fashion accessories","71,31","7","24,9585","524,1285","2019-02-08","17:10","Cash","499,17","4,761904762","24,9585","8"
"558-94-7514","B","Mandalay","Normal","Female","Food and beverages","87,88","5","21,97","461,37","2019-02-05","17:12","Cash","439,4","4,761904762","21,97","5,1"
"731-47-6393","A","Yangon","Member","Male","Food and beverages","82,46","5","20,615","432,915","2019-02-20","20:50","Ewallet","412,3","4,761904762","20,615","8,3"
"451-17-6044","C","Naypyitaw","Member","Female","Fashion accessories","59,07","6","17,721","372,141","2019-02-25","14:27","Ewallet","354,42","4,761904762","17,721","7,1"
"842-24-4169","A","Yangon","Normal","Male","Sports and travel","23,64","5","5,91","124,11","2019-01-27","14:28","Cash","118,2","4,761904762","5,91","4,6"
"108-78-5310","B","Mandalay","Normal","Female","Sports and travel","71,33","1","3,5665","74,8965","2019-01-10","17:00","Credit card","71,33","4,761904762","3,5665","5,1"
"622-89-5988","A","Yangon","Member","Female","Sports and travel","47,16","4","9,432","198,072","2019-02-11","17:23","Credit card","188,64","4,761904762","9,432","9,9"
"481-53-1935","A","Yangon","Normal","Male","Electronic accessories","99,03","1","4,9515","103,9815","2019-02-03","18:06","Ewallet","99,03","4,761904762","4,9515","4,7"
"693-89-3337","C","Naypyitaw","Normal","Female","Sports and travel","59,85","2","5,985","125,685","2019-01-02","10:32","Cash","119,7","4,761904762","5,985","4,1"
"229-87-9535","B","Mandalay","Member","Male","Home and lifestyle","71,88","3","10,782","226,422","2019-02-22","10:26","Credit card","215,64","4,761904762","10,782","5,4"
"674-69-6832","B","Mandalay","Member","Female","Home and lifestyle","34,19","3","5,1285","107,6985","2019-02-17","19:28","Cash","102,57","4,761904762","5,1285","7"
"969-14-1186","A","Yangon","Normal","Male","Food and beverages","46,89","5","11,7225","246,1725","2019-02-13","14:28","Cash","234,45","4,761904762","11,7225","7,8"
"576-63-4881","A","Yangon","Member","Female","Home and lifestyle","68,05","2","6,805","142,905","2019-03-10","13:11","Ewallet","136,1","4,761904762","6,805","7,8"
"542-81-6157","B","Mandalay","Member","Male","Sports and travel","21,56","3","3,234","67,914","2019-02-20","10:44","Cash","64,68","4,761904762","3,234","6,5"
"745-47-4550","C","Naypyitaw","Member","Female","Fashion accessories","61,99","8","24,796","520,716","2019-03-07","19:28","Cash","495,92","4,761904762","24,796","5,5"
"688-28-1253","A","Yangon","Normal","Male","Sports and travel","54,61","3","8,1915","172,0215","2019-01-20","13:30","Credit card","163,83","4,761904762","8,1915","4,6"
"957-39-8967","A","Yangon","Member","Female","Home and lifestyle","63,06","10","31,53","662,13","2019-02-12","16:53","Ewallet","630,6","4,761904762","31,53","5,3"
"171-38-4523","B","Mandalay","Normal","Male","Health and beauty","29,94","7","10,479","220,059","2019-03-15","12:56","Credit card","209,58","4,761904762","10,479","8,3"
"786-83-6830","B","Mandalay","Normal","Male","Home and lifestyle","42,38","1","2,119","44,499","2019-03-25","19:58","Ewallet","42,38","4,761904762","2,119","7,4"
"805-37-8473","B","Mandalay","Member","Male","Electronic accessories","96,94","7","33,929","712,509","2019-03-03","13:10","Cash","678,58","4,761904762","33,929","8"
"333-30-1212","B","Mandalay","Member","Female","Health and beauty","61,65","7","21,5775","453,1275","2019-02-19","15:34","Credit card","431,55","4,761904762","21,5775","7,1"
"954-72-2920","C","Naypyitaw","Normal","Female","Fashion accessories","91,83","3","13,7745","289,2645","2019-02-27","20:58","Ewallet","275,49","4,761904762","13,7745","8,2"
"676-44-3326","C","Naypyitaw","Member","Male","Fashion accessories","55,4","2","5,54","116,34","2019-01-22","14:18","Cash","110,8","4,761904762","5,54","6,5"
"299-43-9151","A","Yangon","Member","Male","Health and beauty","50,64","4","10,128","212,688","2019-01-04","12:22","Cash","202,56","4,761904762","10,128","5,1"
"453-32-7965","B","Mandalay","Normal","Female","Electronic accessories","87,41","6","26,223","550,683","2019-01-31","10:47","Credit card","524,46","4,761904762","26,223","6,9"
"118-24-6099","C","Naypyitaw","Normal","Male","Food and beverages","60,78","7","21,273","446,733","2019-02-22","15:28","Ewallet","425,46","4,761904762","21,273","8,8"
"402-30-6113","C","Naypyitaw","Normal","Male","Electronic accessories","13,36","2","1,336","28,056","2019-03-14","14:38","Ewallet","26,72","4,761904762","1,336","4,9"
"252-42-2696","A","Yangon","Member","Female","Home and lifestyle","30,2","7","10,57","221,97","2019-02-28","18:34","Cash","211,4","4,761904762","10,57","7,2"
"453-13-4687","A","Yangon","Member","Female","Food and beverages","94,66","4","18,932","397,572","2019-03-26","18:48","Cash","378,64","4,761904762","18,932","9,6"
"893-85-3283","A","Yangon","Member","Female","Sports and travel","14,77","10","7,385","155,085","2019-03-20","12:01","Cash","147,7","4,761904762","7,385","7,6"
"795-53-7622","A","Yangon","Member","Male","Electronic accessories","71,84","5","17,96","377,16","2019-01-05","17:49","Credit card","359,2","4,761904762","17,96","6,7"
"446-22-5351","C","Naypyitaw","Member","Female","Fashion accessories","25,31","5","6,3275","132,8775","2019-03-21","15:51","Cash","126,55","4,761904762","6,3275","5,2"
"543-21-6548","A","Yangon","Member","Male","Electronic accessories","67,84","10","33,92","712,32","2019-01-28","11:54","Cash","678,4","4,761904762","33,92","9,4"
"563-87-9757","A","Yangon","Member","Male","Fashion accessories","62,03","3","9,3045","195,3945","2019-03-16","19:05","Credit card","186,09","4,761904762","9,3045","7,9"
"689-58-9160","C","Naypyitaw","Normal","Male","Fashion accessories","49,55","9","22,2975","468,2475","2019-03-11","11:07","Credit card","445,95","4,761904762","22,2975","4,9"
"843-42-6923","A","Yangon","Member","Female","Electronic accessories","10,48","3","1,572","33,012","2019-01-27","13:21","Cash","31,44","4,761904762","1,572","9,4"
"399-26-4402","A","Yangon","Normal","Female","Electronic accessories","79,85","6","23,955","503,055","2019-01-27","15:02","Credit card","479,1","4,761904762","23,955","4,5"
"175-44-5764","A","Yangon","Normal","Male","Fashion accessories","90,54","5","22,635","475,335","2019-02-23","10:13","Credit card","452,7","4,761904762","22,635","5,9"
"385-63-7365","B","Mandalay","Normal","Female","Electronic accessories","13,61","1","0,6805","14,2905","2019-02-26","13:39","Cash","13,61","4,761904762","0,6805","8,1"
"240-28-3140","C","Naypyitaw","Normal","Female","Fashion accessories","15,11","10","7,555","158,655","2019-03-17","15:47","Credit card","151,1","4,761904762","7,555","4,3"
"464-77-7799","B","Mandalay","Member","Female","Fashion accessories","55,56","6","16,668","350,028","2019-02-05","10:09","Credit card","333,36","4,761904762","16,668","9,4"
"245-57-8240","A","Yangon","Member","Female","Home and lifestyle","51,84","3","7,776","163,296","2019-01-12","11:31","Ewallet","155,52","4,761904762","7,776","6,9"
"823-30-2378","B","Mandalay","Member","Male","Electronic accessories","82,01","3","12,3015","258,3315","2019-03-14","11:57","Credit card","246,03","4,761904762","12,3015","6,8"
"520-82-7770","C","Naypyitaw","Normal","Male","Fashion accessories","63,75","10","31,875","669,375","2019-01-22","13:23","Credit card","637,5","4,761904762","31,875","7,2"
"420-15-8158","B","Mandalay","Normal","Female","Electronic accessories","66,69","10","33,345","700,245","2019-03-09","13:59","Cash","666,9","4,761904762","33,345","9"
"350-47-2553","A","Yangon","Member","Female","Food and beverages","37,01","6","11,103","233,163","2019-01-24","20:44","Credit card","222,06","4,761904762","11,103","8,2"
"597-82-4727","C","Naypyitaw","Member","Male","Sports and travel","80,99","5","20,2475","425,1975","2019-01-16","13:21","Cash","404,95","4,761904762","20,2475","7,3"
"569-52-2410","B","Mandalay","Normal","Male","Electronic accessories","74,85","7","26,1975","550,1475","2019-03-15","11:59","Cash","523,95","4,761904762","26,1975","9,7"
"197-48-8376","A","Yangon","Normal","Male","Food and beverages","76,38","9","34,371","721,791","2019-03-27","12:16","Ewallet","687,42","4,761904762","34,371","8,6"
"840-97-7353","A","Yangon","Member","Male","Electronic accessories","62,26","10","31,13","653,73","2019-01-29","10:08","Cash","622,6","4,761904762","31,13","4,5"
"672-35-2117","A","Yangon","Member","Male","Home and lifestyle","60,39","8","24,156","507,276","2019-02-08","16:20","Credit card","483,12","4,761904762","24,156","5,8"
"637-32-6637","B","Mandalay","Member","Male","Home and lifestyle","99,29","5","24,8225","521,2725","2019-01-14","14:53","Ewallet","496,45","4,761904762","24,8225","4,3"
"297-72-6755","C","Naypyitaw","Normal","Female","Fashion accessories","73,01","6","21,903","459,963","2019-02-05","17:39","Ewallet","438,06","4,761904762","21,903","7,8"
"632-18-9080","B","Mandalay","Normal","Female","Home and lifestyle","10,24","3","1,536","32,256","2019-02-21","11:01","Cash","30,72","4,761904762","1,536","8"
"875-45-5989","B","Mandalay","Normal","Female","Food and beverages","87,24","7","30,534","641,214","2019-01-03","17:27","Cash","610,68","4,761904762","30,534","6,6"
"523-88-8304","C","Naypyitaw","Normal","Male","Food and beverages","29,04","4","5,808","121,968","2019-01-16","19:46","Cash","116,16","4,761904762","5,808","4,1"
"282-53-1082","B","Mandalay","Normal","Male","Electronic accessories","77,15","7","27,0025","567,0525","2019-01-05","18:23","Cash","540,05","4,761904762","27,0025","5,6"
"219-88-8526","B","Mandalay","Member","Female","Home and lifestyle","74,32","6","22,296","468,216","2019-03-16","18:52","Cash","445,92","4,761904762","22,296","9,5"
"597-32-6298","C","Naypyitaw","Member","Male","Health and beauty","84,68","1","4,234","88,914","2019-03-28","17:40","Ewallet","84,68","4,761904762","4,234","7,2"
"707-54-6236","B","Mandalay","Member","Female","Home and lifestyle","36,02","9","16,209","340,389","2019-02-01","10:41","Credit card","324,18","4,761904762","16,209","4,5"
"216-81-3526","C","Naypyitaw","Normal","Female","Fashion accessories","79,66","9","35,847","752,787","2019-03-07","16:11","Credit card","716,94","4,761904762","35,847","7,5"
"878-23-3813","C","Naypyitaw","Normal","Female","Sports and travel","48,74","1","2,437","51,177","2019-03-31","16:24","Credit card","48,74","4,761904762","2,437","7,9"
"796-98-1815","A","Yangon","Member","Male","Home and lifestyle","41,29","2","4,129","86,709","2019-03-16","19:53","Ewallet","82,58","4,761904762","4,129","7,6"
"798-95-5566","A","Yangon","Member","Male","Electronic accessories","31,71","2","3,171","66,591","2019-01-03","12:32","Ewallet","63,42","4,761904762","3,171","8,3"
"246-87-7381","A","Yangon","Member","Female","Sports and travel","67,05","4","13,41","281,61","2019-02-09","19:14","Cash","268,2","4,761904762","13,41","5,7"
"776-57-7784","A","Yangon","Member","Female","Food and beverages","35,68","6","10,704","224,784","2019-02-12","11:13","Ewallet","214,08","4,761904762","10,704","7,9"
"722-29-5847","C","Naypyitaw","Member","Female","Health and beauty","54,85","9","24,6825","518,3325","2019-02-18","12:04","Ewallet","493,65","4,761904762","24,6825","6,7"
"473-55-9163","A","Yangon","Normal","Female","Health and beauty","58,95","10","29,475","618,975","2019-03-08","12:26","Ewallet","589,5","4,761904762","29,475","4,2"
"946-74-6149","A","Yangon","Member","Male","Home and lifestyle","28,58","5","7,145","150,045","2019-01-04","18:43","Credit card","142,9","4,761904762","7,145","6,9"
"497-95-2876","A","Yangon","Member","Male","Health and beauty","63,44","3","9,516","199,836","2019-01-16","17:02","Cash","190,32","4,761904762","9,516","5,2"
"181-74-4104","B","Mandalay","Normal","Male","Electronic accessories","90,07","1","4,5035","94,5735","2019-03-19","19:34","Cash","90,07","4,761904762","4,5035","9,5"
"131-39-5199","A","Yangon","Member","Male","Sports and travel","98,98","9","44,541","935,361","2019-01-05","19:21","Cash","890,82","4,761904762","44,541","4,5"
"676-49-5466","C","Naypyitaw","Member","Female","Electronic accessories","29,8","2","2,98","62,58","2019-03-04","19:07","Credit card","59,6","4,761904762","2,98","7,2"
"745-97-9282","B","Mandalay","Member","Female","Sports and travel","64,28","1","3,214","67,494","2019-03-19","10:10","Credit card","64,28","4,761904762","3,214","4,5"
"199-38-2155","A","Yangon","Normal","Female","Fashion accessories","63,48","6","19,044","399,924","2019-03-05","13:04","Credit card","380,88","4,761904762","19,044","9,5"
"182-14-7497","C","Naypyitaw","Member","Female","Health and beauty","87,11","9","39,1995","823,1895","2019-03-16","18:14","Ewallet","783,99","4,761904762","39,1995","5,7"
"799-11-5479","A","Yangon","Normal","Female","Electronic accessories","23,27","1","1,1635","24,4335","2019-01-28","15:19","Credit card","23,27","4,761904762","1,1635","9,3"
"316-42-8827","C","Naypyitaw","Normal","Female","Fashion accessories","42,77","6","12,831","269,451","2019-01-17","13:05","Credit card","256,62","4,761904762","12,831","9,6"
"289-33-6226","C","Naypyitaw","Member","Female","Health and beauty","51,35","4","10,27","215,67","2019-01-28","20:49","Ewallet","205,4","4,761904762","10,27","6,9"
"793-18-2411","A","Yangon","Member","Female","Food and beverages","68,76","6","20,628","433,188","2019-01-21","19:31","Ewallet","412,56","4,761904762","20,628","5"
"324-21-5757","C","Naypyitaw","Normal","Male","Health and beauty","30,15","1","1,5075","31,6575","2019-01-17","19:09","Credit card","30,15","4,761904762","1,5075","5"
"376-26-8696","B","Mandalay","Normal","Female","Electronic accessories","92,05","6","27,615","579,915","2019-03-11","14:29","Credit card","552,3","4,761904762","27,615","7,1"
"336-67-6151","B","Mandalay","Member","Female","Health and beauty","17,61","10","8,805","184,905","2019-03-20","16:50","Cash","176,1","4,761904762","8,805","6,8"
"137-80-6708","C","Naypyitaw","Member","Female","Health and beauty","51,9","5","12,975","272,475","2019-02-01","16:52","Ewallet","259,5","4,761904762","12,975","8,5"
"927-98-7423","B","Mandalay","Normal","Male","Fashion accessories","39,45","8","15,78","331,38","2019-03-25","10:14","Ewallet","315,6","4,761904762","15,78","7,5"
"121-73-1864","C","Naypyitaw","Normal","Male","Food and beverages","13,75","1","0,6875","14,4375","2019-03-26","10:05","Cash","13,75","4,761904762","0,6875","6,3"
"606-65-3286","A","Yangon","Member","Male","Home and lifestyle","13","3","1,95","40,95","2019-03-20","15:53","Ewallet","39","4,761904762","1,95","6,7"
"990-91-4818","B","Mandalay","Normal","Male","Food and beverages","98,7","3","14,805","310,905","2019-02-19","19:03","Ewallet","296,1","4,761904762","14,805","7,8"
"169-63-6596","C","Naypyitaw","Normal","Male","Home and lifestyle","95,43","3","14,3145","300,6045","2019-03-19","12:18","Cash","286,29","4,761904762","14,3145","7"
"346-41-5697","B","Mandalay","Member","Female","Fashion accessories","43,56","2","4,356","91,476","2019-03-13","11:59","Ewallet","87,12","4,761904762","4,356","9,1"
"784-62-2467","B","Mandalay","Member","Female","Health and beauty","68,89","10","34,445","723,345","2019-01-26","20:30","Credit card","688,9","4,761904762","34,445","5,1"
"497-43-1088","A","Yangon","Member","Female","Health and beauty","81,38","7","28,483","598,143","2019-03-04","17:56","Ewallet","569,66","4,761904762","28,483","8,9"
"907-88-5434","A","Yangon","Member","Female","Food and beverages","15,53","10","7,765","163,065","2019-01-21","17:39","Cash","155,3","4,761904762","7,765","4,5"
"294-96-8003","A","Yangon","Normal","Male","Fashion accessories","77,85","9","35,0325","735,6825","2019-02-09","12:37","Ewallet","700,65","4,761904762","35,0325","6,6"
"481-32-2430","A","Yangon","Normal","Male","Health and beauty","17,97","8","7,188","150,948","2019-03-31","14:01","Ewallet","143,76","4,761904762","7,188","5,5"
"537-77-5415","A","Yangon","Member","Male","Health and beauty","45,26","2","4,526","95,046","2019-03-15","12:40","Ewallet","90,52","4,761904762","4,526","7,3"
"212-82-9365","C","Naypyitaw","Member","Female","Health and beauty","57,02","5","14,255","299,355","2019-03-27","16:10","Cash","285,1","4,761904762","14,255","7,4"
"913-98-4829","B","Mandalay","Normal","Female","Electronic accessories","54,08","8","21,632","454,272","2019-01-06","12:00","Credit card","432,64","4,761904762","21,632","9,7"
"204-52-3115","B","Mandalay","Member","Male","Food and beverages","95,63","5","23,9075","502,0575","2019-01-02","15:22","Cash","478,15","4,761904762","23,9075","5,4"
"684-35-4675","B","Mandalay","Member","Male","Electronic accessories","17,54","3","2,631","55,251","2019-02-10","11:20","Ewallet","52,62","4,761904762","2,631","9,1"
"654-50-4810","A","Yangon","Normal","Female","Food and beverages","76,43","6","22,929","481,509","2019-01-13","12:13","Credit card","458,58","4,761904762","22,929","4,8"
"210-42-5390","A","Yangon","Member","Female","Health and beauty","83,75","2","8,375","175,875","2019-01-01","20:59","Cash","167,5","4,761904762","8,375","7,9"
"283-58-8279","A","Yangon","Normal","Male","Sports and travel","95,76","7","33,516","703,836","2019-03-30","16:00","Credit card","670,32","4,761904762","33,516","9,8"
"379-10-2895","A","Yangon","Member","Female","Electronic accessories","39,52","9","17,784","373,464","2019-01-06","15:38","Cash","355,68","4,761904762","17,784","4,1"
"444-41-9097","B","Mandalay","Member","Male","Sports and travel","80,87","8","32,348","679,308","2019-02-24","13:33","Cash","646,96","4,761904762","32,348","8,2"
"750-15-1073","B","Mandalay","Normal","Male","Food and beverages","11,1","9","4,995","104,895","2019-01-07","17:19","Cash","99,9","4,761904762","4,995","8,3"
"400-65-4461","A","Yangon","Member","Male","Sports and travel","94,72","4","18,944","397,824","2019-03-21","12:55","Credit card","378,88","4,761904762","18,944","5,8"
"478-95-6090","B","Mandalay","Member","Male","Electronic accessories","63,11","8","25,244","530,124","2019-03-05","16:18","Credit card","504,88","4,761904762","25,244","9,3"
"539-74-5683","A","Yangon","Member","Female","Food and beverages","19,55","5","4,8875","102,6375","2019-03-28","16:07","Credit card","97,75","4,761904762","4,8875","5,9"
"576-65-5421","B","Mandalay","Normal","Female","Sports and travel","71,42","1","3,571","74,991","2019-03-21","18:43","Credit card","71,42","4,761904762","3,571","6,6"
"487-87-8105","C","Naypyitaw","Normal","Female","Food and beverages","21,03","7","7,3605","154,5705","2019-03-10","19:42","Credit card","147,21","4,761904762","7,3605","5,1"
"163-95-1984","A","Yangon","Normal","Female","Health and beauty","80,12","5","20,03","420,63","2019-02-18","16:44","Cash","400,6","4,761904762","20,03","6,7"
"179-22-3353","C","Naypyitaw","Normal","Male","Fashion accessories","71,61","4","14,322","300,762","2019-03-30","10:54","Ewallet","286,44","4,761904762","14,322","7,4"
"766-88-7508","A","Yangon","Normal","Female","Electronic accessories","67,05","10","33,525","704,025","2019-01-25","20:11","Cash","670,5","4,761904762","33,525","8,3"
"841-62-1275","C","Naypyitaw","Normal","Female","Home and lifestyle","60,94","4","12,188","255,948","2019-02-09","10:13","Cash","243,76","4,761904762","12,188","9,2"
"221-34-3575","B","Mandalay","Normal","Male","Home and lifestyle","91,34","9","41,103","863,163","2019-02-28","11:54","Credit card","822,06","4,761904762","41,103","4,3"
"880-19-9923","B","Mandalay","Member","Male","Fashion accessories","75,84","5","18,96","398,16","2019-02-26","13:41","Ewallet","379,2","4,761904762","18,96","6,5"
"563-59-8291","C","Naypyitaw","Normal","Male","Food and beverages","98,32","5","24,58","516,18","2019-01-07","13:47","Credit card","491,6","4,761904762","24,58","4"
"191-61-1002","A","Yangon","Normal","Male","Electronic accessories","12,57","7","4,3995","92,3895","2019-02-17","15:18","Ewallet","87,99","4,761904762","4,3995","8"
"510-52-7297","B","Mandalay","Normal","Female","Sports and travel","87,07","3","13,0605","274,2705","2019-03-05","20:49","Credit card","261,21","4,761904762","13,0605","9,4"
"313-68-4246","A","Yangon","Member","Male","Fashion accessories","90,03","10","45,015","945,315","2019-03-04","17:31","Credit card","900,3","4,761904762","45,015","9,2"
"425-97-6029","C","Naypyitaw","Normal","Male","Sports and travel","22,46","7","7,861","165,081","2019-01-07","20:38","Credit card","157,22","4,761904762","7,861","5,6"
"940-67-3913","C","Naypyitaw","Member","Female","Home and lifestyle","11,31","3","1,6965","35,6265","2019-02-19","14:00","Ewallet","33,93","4,761904762","1,6965","5"
"693-34-8088","B","Mandalay","Normal","Female","Fashion accessories","78,72","4","15,744","330,624","2019-01-23","17:23","Cash","314,88","4,761904762","15,744","5,3"
"112-81-9637","A","Yangon","Member","Male","Health and beauty","38,41","3","5,7615","120,9915","2019-02-10","15:58","Credit card","115,23","4,761904762","5,7615","9"
"550-75-5522","A","Yangon","Normal","Male","Fashion accessories","32,43","2","3,243","68,103","2019-02-25","19:19","Credit card","64,86","4,761904762","3,243","9"
"848-26-5956","B","Mandalay","Normal","Female","Food and beverages","63,37","7","22,1795","465,7695","2019-01-15","17:10","Cash","443,59","4,761904762","22,1795","5,6"
"252-48-9985","C","Naypyitaw","Member","Male","Sports and travel","92,92","8","37,168","780,528","2019-02-19","11:44","Credit card","743,36","4,761904762","37,168","6,9"
"121-53-9427","B","Mandalay","Member","Female","Fashion accessories","19,24","10","9,62","202,02","2019-03-21","14:02","Cash","192,4","4,761904762","9,62","7,9"
"875-45-8275","B","Mandalay","Member","Male","Home and lifestyle","38,03","1","1,9015","39,9315","2019-01-07","14:15","Ewallet","38,03","4,761904762","1,9015","8,9"
"597-24-8012","B","Mandalay","Normal","Male","Electronic accessories","18,71","9","8,4195","176,8095","2019-03-04","10:52","Ewallet","168,39","4,761904762","8,4195","8,5"
"654-91-1945","B","Mandalay","Member","Male","Sports and travel","22,29","9","10,0305","210,6405","2019-01-06","14:20","Cash","200,61","4,761904762","10,0305","5,5"
"104-97-4519","B","Mandalay","Member","Female","Electronic accessories","50,47","9","22,7115","476,9415","2019-02-17","20:35","Ewallet","454,23","4,761904762","22,7115","8,1"
"291-90-6892","A","Yangon","Normal","Female","Food and beverages","25,39","5","6,3475","133,2975","2019-02-16","11:56","Credit card","126,95","4,761904762","6,3475","6,9"
"619-52-2011","B","Mandalay","Member","Male","Sports and travel","58,97","8","23,588","495,348","2019-01-21","14:58","Ewallet","471,76","4,761904762","23,588","5,8"
"634-42-1500","C","Naypyitaw","Member","Female","Sports and travel","89,93","6","26,979","566,559","2019-03-31","11:44","Cash","539,58","4,761904762","26,979","9,8"
"202-95-1975","C","Naypyitaw","Member","Female","Sports and travel","94,87","6","28,461","597,681","2019-01-17","10:03","Ewallet","569,22","4,761904762","28,461","6,6"
"429-78-6151","A","Yangon","Normal","Female","Home and lifestyle","18,61","2","1,861","39,081","2019-02-21","10:45","Credit card","37,22","4,761904762","1,861","4,1"
"834-14-5462","B","Mandalay","Member","Female","Fashion accessories","34,7","9","15,615","327,915","2019-03-24","10:56","Ewallet","312,3","4,761904762","15,615","9,3"
"746-34-9760","B","Mandalay","Member","Female","Home and lifestyle","90,37","9","40,6665","853,9965","2019-03-30","17:01","Cash","813,33","4,761904762","40,6665","8,5"
"614-71-6469","B","Mandalay","Member","Female","Electronic accessories","51,02","2","5,102","107,142","2019-01-22","18:11","Cash","102,04","4,761904762","5,102","7,7"
"976-83-1609","A","Yangon","Normal","Male","Home and lifestyle","92,69","2","9,269","194,649","2019-01-21","19:13","Credit card","185,38","4,761904762","9,269","8,8"
"596-40-5227","A","Yangon","Member","Male","Health and beauty","60,58","3","9,087","190,827","2019-03-19","15:28","Cash","181,74","4,761904762","9,087","9,5"
"993-88-8394","A","Yangon","Normal","Female","Health and beauty","75,25","8","30,1","632,1","2019-02-14","11:31","Cash","602","4,761904762","30,1","4,8"
"308-10-1629","A","Yangon","Member","Female","Sports and travel","84,48","3","12,672","266,112","2019-02-17","16:06","Cash","253,44","4,761904762","12,672","6,8"
"694-82-2596","B","Mandalay","Member","Female","Fashion accessories","81,45","5","20,3625","427,6125","2019-01-15","15:39","Ewallet","407,25","4,761904762","20,3625","9,2"
"323-32-5992","A","Yangon","Normal","Male","Electronic accessories","99,97","1","4,9985","104,9685","2019-01-24","17:32","Credit card","99,97","4,761904762","4,9985","9,2"
"316-56-8524","A","Yangon","Member","Male","Health and beauty","17,92","7","6,272","131,712","2019-03-01","18:03","Cash","125,44","4,761904762","6,272","4,3"
"308-45-4489","C","Naypyitaw","Normal","Male","Fashion accessories","41,82","2","4,182","87,822","2019-02-23","11:10","Credit card","83,64","4,761904762","4,182","7,9"
"644-69-1745","C","Naypyitaw","Member","Male","Food and beverages","99,84","3","14,976","314,496","2019-03-21","16:03","Credit card","299,52","4,761904762","14,976","7,1"
"283-47-5791","A","Yangon","Normal","Female","Health and beauty","86,35","10","43,175","906,675","2019-02-13","11:13","Credit card","863,5","4,761904762","43,175","9,8"
"797-49-8873","B","Mandalay","Normal","Male","Health and beauty","41,56","10","20,78","436,38","2019-02-12","10:30","Ewallet","415,6","4,761904762","20,78","9,1"
"601-91-3687","B","Mandalay","Member","Male","Food and beverages","38,02","3","5,703","119,763","2019-01-15","13:44","Cash","114,06","4,761904762","5,703","9,9"
"579-63-4317","A","Yangon","Member","Male","Sports and travel","64,51","8","25,804","541,884","2019-02-28","17:28","Ewallet","516,08","4,761904762","25,804","8,8"
"426-71-8890","C","Naypyitaw","Member","Male","Electronic accessories","34,87","4","6,974","146,454","2019-03-22","20:56","Credit card","139,48","4,761904762","6,974","8,9"
"620-60-4568","B","Mandalay","Normal","Male","Home and lifestyle","70,99","7","24,8465","521,7765","2019-01-25","19:52","Ewallet","496,93","4,761904762","24,8465","6,7"
"372-53-3360","B","Mandalay","Normal","Male","Home and lifestyle","54,59","9","24,5655","515,8755","2019-03-29","15:21","Cash","491,31","4,761904762","24,5655","5"
"460-11-1483","C","Naypyitaw","Normal","Male","Home and lifestyle","60,42","7","21,147","444,087","2019-01-10","18:01","Credit card","422,94","4,761904762","21,147","5,9"
"285-93-3873","B","Mandalay","Normal","Female","Health and beauty","97,4","4","19,48","409,08","2019-01-08","14:04","Credit card","389,6","4,761904762","19,48","9,4"
"217-28-4666","A","Yangon","Member","Male","Food and beverages","53,4","4","10,68","224,28","2019-01-21","13:32","Credit card","213,6","4,761904762","10,68","6,4"
"154-67-5793","A","Yangon","Normal","Female","Food and beverages","40,78","5","10,195","214,095","2019-01-06","14:03","Ewallet","203,9","4,761904762","10,195","5,6"
"928-49-9523","A","Yangon","Normal","Male","Electronic accessories","45,55","5","11,3875","239,1375","2019-02-13","16:25","Cash","227,75","4,761904762","11,3875","8,1"
"122-86-1531","A","Yangon","Normal","Male","Health and beauty","85,51","5","21,3775","448,9275","2019-03-29","18:39","Cash","427,55","4,761904762","21,3775","8,4"
"405-65-9986","C","Naypyitaw","Normal","Male","Sports and travel","48,57","5","12,1425","254,9925","2019-03-17","11:22","Credit card","242,85","4,761904762","12,1425","7,7"
"486-38-9882","C","Naypyitaw","Member","Male","Fashion accessories","41,73","10","20,865","438,165","2019-03-27","12:13","Cash","417,3","4,761904762","20,865","9,1"
"413-87-5970","C","Naypyitaw","Normal","Female","Electronic accessories","13,55","8","5,42","113,82","2019-01-12","20:17","Cash","108,4","4,761904762","5,42","6,8"
"390-57-1597","A","Yangon","Member","Female","Health and beauty","27,53","5","6,8825","144,5325","2019-03-15","13:48","Ewallet","137,65","4,761904762","6,8825","7,4"
"903-77-1958","A","Yangon","Member","Female","Food and beverages","22,29","2","2,229","46,809","2019-02-06","13:04","Ewallet","44,58","4,761904762","2,229","5,9"
"188-77-6972","C","Naypyitaw","Normal","Male","Electronic accessories","97,8","1","4,89","102,69","2019-03-10","10:55","Ewallet","97,8","4,761904762","4,89","9"
"778-61-9457","B","Mandalay","Normal","Male","Health and beauty","50,44","3","7,566","158,886","2019-03-13","11:33","Ewallet","151,32","4,761904762","7,566","7,5"
"584-35-8931","A","Yangon","Normal","Male","Electronic accessories","50,12","2","5,012","105,252","2019-01-22","19:10","Credit card","100,24","4,761904762","5,012","7,9"
"604-26-9677","A","Yangon","Normal","Male","Food and beverages","65,71","3","9,8565","206,9865","2019-01-09","16:32","Cash","197,13","4,761904762","9,8565","8,1"
"662-79-6621","C","Naypyitaw","Normal","Female","Health and beauty","22,51","5","5,6275","118,1775","2019-03-24","15:02","Cash","112,55","4,761904762","5,6275","7,8"
"330-55-6702","B","Mandalay","Normal","Female","Food and beverages","91,55","3","13,7325","288,3825","2019-03-26","20:00","Cash","274,65","4,761904762","13,7325","6,4"
"503-76-3953","B","Mandalay","Normal","Female","Fashion accessories","76,61","10","38,305","804,405","2019-02-06","10:02","Cash","766,1","4,761904762","38,305","4,8"
"234-78-7157","C","Naypyitaw","Member","Male","Sports and travel","11,78","6","3,534","74,214","2019-02-02","16:30","Ewallet","70,68","4,761904762","3,534","8"
"867-62-4820","B","Mandalay","Member","Male","Food and beverages","74,31","2","7,431","156,051","2019-02-21","13:32","Cash","148,62","4,761904762","7,431","8,1"
"725-45-2826","A","Yangon","Normal","Male","Home and lifestyle","71","9","31,95","670,95","2019-02-02","20:14","Cash","639","4,761904762","31,95","8,3"
