_id,nombre,calle,numero,ciudad,barrio,provincia,cp
ObjectId('000000000000000000000000'),Aitor Medrano,Secreta,195,Elche,Carrús,Alicante,03206
ObjectId('000000000000000000000001'),Iván Portero Montaña,Avenida Gisela Alemany,14,Elche,Puertas Coloradas,Alicante,03205
ObjectId('000000000000000000000002'),Ricardo Carbonell Saura,Plaza de Tadeo Andrade,26,Elche,Palmerales,Alicante,03200
ObjectId('000000000000000000000003'),Jordana Ferrando,Ronda Francisco Javier Valenzuela,44,Elche,Raval,Alicante,03203
ObjectId('000000000000000000000004'),Clotilde Gomez Gómez,Rambla de Selena Manjón,214,Elche,Altabix,Alicante,03205
ObjectId('000000000000000000000005'),Julio Marcio Ramis Mercader,C. Narcisa Anglada,148,Elche,Sector Quinto,Alicante,03202
ObjectId('000000000000000000000006'),Loreto Fernandez Coca,Pasadizo de Manuela Hernández,221,Elche,San Antón,Alicante,03205
ObjectId('000000000000000000000007'),Hipólito Iborra Aguilar,Callejón de Etelvina Malo,101,Elche,El Toscar,Alicante,03200
ObjectId('000000000000000000000008'),Alicia Pla Somoza,Acceso de Melchor Luz,94,Elche,Sector Quinto,Alicante,03202
ObjectId('000000000000000000000009'),Lupe Miranda Bonilla,Paseo Flora Aragón,89,Elche,El Toscar,Alicante,03202
ObjectId('00000000000000000000000a'),Saturnino de Ledesma,Glorieta Diego Laguna,181,Elche,El Toscar,Alicante,03202
ObjectId('00000000000000000000000b'),Agustín Rodrigo Cano,Urbanización de Joel Gárate,59,Elche,Puertas Coloradas,Alicante,03202
ObjectId('00000000000000000000000c'),Cosme Peláez Artigas,Cañada de Alfredo Paz,234,Elche,Sector Quinto,Alicante,03203
ObjectId('00000000000000000000000d'),Lope Abad Bayo,Via de Marianela Rosa,168,Elche,Centro,Alicante,03205
ObjectId('00000000000000000000000e'),Bernardino Llopis-Quintana,Vial de Cristian Osuna,238,Elche,El Toscar,Alicante,03203
ObjectId('00000000000000000000000f'),Rufina Vendrell Baena,Paseo de Aristides Solé,27,Elche,Raval,Alicante,03205
ObjectId('000000000000000000000010'),Américo Navas Gil,Camino de Agapito Cerro,56,Elche,Raval,Alicante,03201
ObjectId('000000000000000000000011'),Javi Bautista-Solsona,Pasaje Fernando Taboada,39,Elche,Zona Norte,Alicante,03200
ObjectId('000000000000000000000012'),Florentino Mendoza-Laguna,Rambla Fabricio Sáenz,163,Elche,Zona Norte,Alicante,03204
ObjectId('000000000000000000000013'),Teresita Ayuso Palacios,Calle de Selena Peláez,140,Elche,Sector Quinto,Alicante,03200
ObjectId('000000000000000000000014'),Jordana Rozas Hurtado,Paseo Albino Escudero,217,Elche,El Pla,Alicante,03202
ObjectId('000000000000000000000015'),Albano Mercader Pinto,Calle de Wálter Almansa,209,Elche,Carrús,Alicante,03202
ObjectId('000000000000000000000016'),Rosa Figuerola,Cuesta Carla Machado,152,Elche,Palmerales,Alicante,03201
ObjectId('000000000000000000000017'),Luisa Pacheco Reyes,Alameda Cristina Seco,264,Elche,Sector Quinto,Alicante,03201
ObjectId('000000000000000000000018'),Beatriz Blanca Guerra Casanova,Pasaje Mayte Bas,36,Elche,El Pla,Alicante,03202
ObjectId('000000000000000000000019'),Sebastián Terrón,Alameda de Amaya Figuerola,274,Elche,Los Palmerales,Alicante,03205
ObjectId('00000000000000000000001a'),Ezequiel Sáez Chico,C. de Victoria Sandoval,22,Elche,Centro,Alicante,03200
ObjectId('00000000000000000000001b'),Candela Prats Lastra,Acceso Prudencia Arroyo,38,Elche,Carrús,Alicante,03201
ObjectId('00000000000000000000001c'),Anacleto Moliner,Plaza de Samu Castellanos,172,Elche,San Antón,Alicante,03205
ObjectId('00000000000000000000001d'),Almudena Peñas Rius,Pasaje Vicente Bautista,264,Elche,Zona Norte,Alicante,03202
ObjectId('00000000000000000000001e'),Kike Hervia-Murillo,Via de Dionisio Sola,296,Elche,Sector Quinto,Alicante,03204
ObjectId('00000000000000000000001f'),Íngrid Borrego Palomar,Rambla de Cebrián Solís,206,Elche,Palmerales,Alicante,03202
ObjectId('000000000000000000000020'),Leonardo Baquero,Ronda de Pacífica Ponce,174,Elche,San Antón,Alicante,03204
ObjectId('000000000000000000000021'),Raúl Osorio Gascón,Via de Luís Bonet,10,Elche,Raval,Alicante,03202
ObjectId('000000000000000000000022'),Victor Manuel Sans Beltrán,Alameda de Porfirio Alberola,220,Elche,Raval,Alicante,03201
ObjectId('000000000000000000000023'),Amador Desiderio Molina Villaverde,Acceso de Valeria Grande,200,Elche,Sector Quinto,Alicante,03203
ObjectId('000000000000000000000024'),Lucas Salom Donoso,Rambla de Celestino Bermúdez,104,Elche,Altabix,Alicante,03204
ObjectId('000000000000000000000025'),Reyes Prieto Sanabria,Glorieta Azucena Garay,11,Elche,El Pla,Alicante,03202
ObjectId('000000000000000000000026'),Palmira Herranz Checa,Avenida de Telmo Vicens,198,Elche,Puertas Coloradas,Alicante,03201
ObjectId('000000000000000000000027'),Susana Castrillo Real,Alameda Chema Navarro,285,Elche,Sector Quinto,Alicante,03202
ObjectId('000000000000000000000028'),Anabel Requena Marí,Ronda Otilia Botella,263,Elche,Altabix,Alicante,03205
ObjectId('000000000000000000000029'),Natalio Sedano,Camino de Cristina Figuerola,200,Elche,Puertas Coloradas,Alicante,03204
ObjectId('00000000000000000000002a'),Sebastian Ródenas Carrasco,Cuesta de Régulo Rocha,193,Elche,Los Palmerales,Alicante,03202
ObjectId('00000000000000000000002b'),Kike Vicens Gilabert,Pasaje de Alicia Anaya,237,Elche,Palmerales,Alicante,03205
ObjectId('00000000000000000000002c'),Nilo Peñalver Agudo,Calle de Edelmiro Zapata,124,Elche,El Pla,Alicante,03200
ObjectId('00000000000000000000002d'),Sancho Capdevila Bermudez,Acceso de Goyo Barberá,122,Elche,El Pla,Alicante,03203
ObjectId('00000000000000000000002e'),Hipólito Caparrós Calvet,Calle Felisa Pla,159,Elche,El Pla,Alicante,03205
ObjectId('00000000000000000000002f'),Duilio Rovira-Puga,Plaza Rubén Cervera,21,Elche,San Antón,Alicante,03204
ObjectId('000000000000000000000030'),Benigno Salcedo Arranz,Plaza de Esteban Campoy,16,Elche,Palmerales,Alicante,03206
ObjectId('000000000000000000000031'),Cristóbal Lasa Garrido,Alameda Eduardo Río,71,Elche,Palmerales,Alicante,03200
ObjectId('000000000000000000000032'),Lina Chaparro Vendrell,Cuesta de Lupita Alemán,22,Elche,Raval,Alicante,03204
ObjectId('000000000000000000000033'),Rogelio del Hernández,Camino de Pascuala Clavero,111,Elche,Sector Quinto,Alicante,03204
ObjectId('000000000000000000000034'),Agustina Roldán Jurado,Avenida Fernanda Lobato,228,Elche,Puertas Coloradas,Alicante,03202
ObjectId('000000000000000000000035'),María Morell,Vial de Mauricio Murcia,116,Elche,Centro,Alicante,03205
ObjectId('000000000000000000000036'),Ramona Montesinos-Larrañaga,Plaza de Ruperta Luna,172,Elche,Palmerales,Alicante,03205
ObjectId('000000000000000000000037'),Ernesto Redondo Sáenz,Ronda de Sonia Mariño,166,Elche,Las Bayas,Alicante,03201
ObjectId('000000000000000000000038'),Ruperto Casal Llorente,Pasadizo Aroa Bayona,209,Elche,Carrús,Alicante,03202
ObjectId('000000000000000000000039'),Mónica Perea Novoa,Avenida Eloísa Pereira,54,Elche,San Antón,Alicante,03205
ObjectId('00000000000000000000003a'),Julio Soria Castejón,Pasadizo de Iker Valls,213,Elche,Palmerales,Alicante,03203
ObjectId('00000000000000000000003b'),Felix Nogueira Cifuentes,Plaza de Adán Doménech,60,Elche,Raval,Alicante,03202
ObjectId('00000000000000000000003c'),Juan José Verdejo Rodriguez,Alameda Clemente Cabanillas,252,Elche,El Pla,Alicante,03202
ObjectId('00000000000000000000003d'),Claudia Millán Almansa,Cañada Lara Pallarès,83,Elche,Carrús,Alicante,03200
ObjectId('00000000000000000000003e'),Nidia Suárez Cifuentes,Cañada de Gala Bastida,31,Elche,Altabix,Alicante,03204
ObjectId('00000000000000000000003f'),Olimpia Fortunata Zabaleta Corbacho,Callejón Virgilio Catalán,134,Elche,Zona Norte,Alicante,03201
ObjectId('000000000000000000000040'),Calista Rubio Taboada,Via Lisandro Serrano,284,Elche,Centro,Alicante,03206
ObjectId('000000000000000000000041'),Gonzalo Menéndez Arroyo,Plaza Nayara Espada,256,Elche,Puertas Coloradas,Alicante,03202
ObjectId('000000000000000000000042'),Amaro Cerdán Aguilera,Cuesta Obdulia Villena,199,Elche,El Toscar,Alicante,03204
ObjectId('000000000000000000000043'),Elisa Echeverría Solís,Cañada de África Vall,197,Elche,El Pla,Alicante,03204
ObjectId('000000000000000000000044'),Alfonso del Mármol,Calle de Elena Estrada,104,Elche,Carrús,Alicante,03205
ObjectId('000000000000000000000045'),Carolina Esperanza Garmendia Landa,Ronda Nadia Abella,210,Elche,Centro,Alicante,03204
ObjectId('000000000000000000000046'),Cesar Villar Maldonado,Plaza de Angelina Aparicio,65,Elche,Carrús,Alicante,03206
ObjectId('000000000000000000000047'),Ismael Olegario Falcón Marti,Glorieta de Pío Falcón,67,Elche,Palmerales,Alicante,03200
ObjectId('000000000000000000000048'),Paulino Elorza Marin,Acceso de Hernán Roig,44,Elche,El Toscar,Alicante,03200
ObjectId('000000000000000000000049'),Toribio Boix Fuentes,Ronda Ruperta Carmona,3,Elche,Las Bayas,Alicante,03206
ObjectId('00000000000000000000004a'),Santiago Perera Mesa,Camino Cándido Alcolea,294,Elche,Altabix,Alicante,03200
ObjectId('00000000000000000000004b'),Natalia Bustamante Solís,Plaza de Calista Rojas,161,Elche,Carrús,Alicante,03206
ObjectId('00000000000000000000004c'),Chus Perez Ortiz,Calle Ana Belén Bautista,85,Elche,Zona Norte,Alicante,03200
ObjectId('00000000000000000000004d'),Mohamed Rodríguez-Gálvez,Cuesta de Calixto Poza,119,Elche,Sector Quinto,Alicante,03203
ObjectId('00000000000000000000004e'),Teófilo Pablo Aguilera Rodríguez,Alameda Onofre Figueras,17,Elche,San Antón,Alicante,03203
ObjectId('00000000000000000000004f'),Danilo Lillo-Palomo,Alameda Balduino Vila,201,Elche,El Toscar,Alicante,03204
ObjectId('000000000000000000000050'),Loreto Pagès Vázquez,Camino Gerardo Lobo,172,Elche,Los Palmerales,Alicante,03206
ObjectId('000000000000000000000051'),Belen Piquer Rojas,Ronda Reyna Guitart,4,Elche,San Antón,Alicante,03206
ObjectId('000000000000000000000052'),Ciro Adrián Cuesta Miguel,Via Yolanda Sancho,151,Elche,Puertas Coloradas,Alicante,03202
ObjectId('000000000000000000000053'),Ana Farré Orozco,Callejón Leopoldo Ayuso,252,Elche,Carrús,Alicante,03200
ObjectId('000000000000000000000054'),Óscar Vara-Velázquez,Plaza de Dalila Verdú,72,Elche,Sector Quinto,Alicante,03206
ObjectId('000000000000000000000055'),Benigna Murillo Toro,Cuesta de Noé Melero,138,Elche,Carrús,Alicante,03206
ObjectId('000000000000000000000056'),Alma del Diaz,Pasadizo de Tomasa Uribe,208,Elche,Raval,Alicante,03205
ObjectId('000000000000000000000057'),Martín Iñiguez Pacheco,Avenida de Nieves Ramirez,59,Elche,San Antón,Alicante,03201
ObjectId('000000000000000000000058'),Guiomar del Delgado,C. Diego Priego,206,Elche,Raval,Alicante,03204
ObjectId('000000000000000000000059'),Trini Guerrero Baena,Callejón de Priscila Cal,154,Elche,Zona Norte,Alicante,03204
ObjectId('00000000000000000000005a'),Rafa Chacón Blázquez,Callejón de Itziar Rosado,153,Elche,Puertas Coloradas,Alicante,03204
ObjectId('00000000000000000000005b'),Fidel Segarra Aznar,Acceso Ale Juan,93,Elche,Palmerales,Alicante,03206
ObjectId('00000000000000000000005c'),Seve Moraleda Rubio,Calle de Joel Pino,130,Elche,Los Palmerales,Alicante,03203
ObjectId('00000000000000000000005d'),Poncio Garrido,Ronda Obdulia Lopez,277,Elche,Sector Quinto,Alicante,03201
ObjectId('00000000000000000000005e'),Onofre Ribera Zurita,Acceso de Ascensión Ballester,127,Elche,Puertas Coloradas,Alicante,03203
ObjectId('00000000000000000000005f'),Paulino Barba Salmerón,Ronda de Bernardita Múgica,190,Elche,Palmerales,Alicante,03204
ObjectId('000000000000000000000060'),Domitila Neira Escobar,Calle Rico Durán,221,Elche,El Pla,Alicante,03205
ObjectId('000000000000000000000061'),Telmo Escamilla Millán,Cañada de Geraldo Arnau,19,Elche,El Pla,Alicante,03204
ObjectId('000000000000000000000062'),Loida Moll Morante,Glorieta Pepe Castejón,277,Elche,Raval,Alicante,03200
ObjectId('000000000000000000000063'),Lucas Reyes-Marco,Pasadizo de Adelia Piñol,17,Elche,El Pla,Alicante,03205
ObjectId('000000000000000000000064'),Segismundo Rodriguez Águila,Pasadizo de Florentino Bauzà,38,Elche,Sector Quinto,Alicante,03202
ObjectId('000000000000000000000065'),Anselma Muro Macías,Calle María Manuela Prado,27,Elche,Zona Norte,Alicante,03204
ObjectId('000000000000000000000066'),Carolina Tenorio Adadia,Vial Artemio Amador,197,Elche,Sector Quinto,Alicante,03202
ObjectId('000000000000000000000067'),Amor Sainz,Cañada Silvio Ortega,29,Elche,El Toscar,Alicante,03204
ObjectId('000000000000000000000068'),Rafael de Vargas,Urbanización de Manu Borrás,149,Elche,Altabix,Alicante,03205
ObjectId('000000000000000000000069'),Dan Quintero Gallego,Cuesta de Ezequiel Nicolás,147,Elche,Palmerales,Alicante,03206
ObjectId('00000000000000000000006a'),Soledad Escudero Piñeiro,Pasadizo Bernardo Muro,102,Elche,Raval,Alicante,03203
ObjectId('00000000000000000000006b'),Kike Beltrán,Camino de Bruno Vizcaíno,54,Elche,El Pla,Alicante,03204
ObjectId('00000000000000000000006c'),Gonzalo del Cuadrado,Cañada de Marisa Pont,222,Elche,El Pla,Alicante,03206
ObjectId('00000000000000000000006d'),Juan Luis Marín Francisco,Acceso Elodia Sarabia,255,Elche,Carrús,Alicante,03201
ObjectId('00000000000000000000006e'),Juanito Torrens Serra,Via Gil Arteaga,18,Elche,Los Palmerales,Alicante,03200
ObjectId('00000000000000000000006f'),Toño Serra-Pont,C. de Isaac Cisneros,265,Elche,Altabix,Alicante,03205
ObjectId('000000000000000000000070'),Aurelio del Noriega,C. de Benigno Sáenz,130,Elche,San Antón,Alicante,03206
ObjectId('000000000000000000000071'),Ruy de Borja,C. Juliana Quintero,232,Elche,Palmerales,Alicante,03205
ObjectId('000000000000000000000072'),Trinidad Frías Bravo,Plaza de Prudencia Alcázar,243,Elche,El Pla,Alicante,03206
ObjectId('000000000000000000000073'),Gracia Solís,Camino Nacio Bastida,200,Elche,Raval,Alicante,03203
ObjectId('000000000000000000000074'),Julián Gimenez Cerdá,Glorieta de Lupita Fuente,10,Elche,El Toscar,Alicante,03203
ObjectId('000000000000000000000075'),Azeneth Cortina Cervera,Pasadizo de Yésica Garay,89,Elche,Zona Norte,Alicante,03203
ObjectId('000000000000000000000076'),Ximena Echeverría Perez,Urbanización de Camilo Téllez,104,Elche,San Antón,Alicante,03205
ObjectId('000000000000000000000077'),Morena Torrens Batalla,Plaza Susana Gonzalez,291,Elche,Las Bayas,Alicante,03200
ObjectId('000000000000000000000078'),Ruy Muñoz Pinedo,Paseo de Ulises Olmedo,280,Elche,Zona Norte,Alicante,03204
ObjectId('000000000000000000000079'),Noelia Caparrós Pi,Via de Laura Nuñez,191,Elche,Raval,Alicante,03202
ObjectId('00000000000000000000007a'),Yésica Lerma Valenciano,Avenida de Celso Vallejo,170,Elche,El Pla,Alicante,03205
ObjectId('00000000000000000000007b'),Felix Milla,Pasadizo de Vilma Avilés,61,Elche,San Antón,Alicante,03204
ObjectId('00000000000000000000007c'),Lucio de Cantón,Cuesta Cecilia Grande,131,Elche,Raval,Alicante,03204
ObjectId('00000000000000000000007d'),Cristian Millán,Rambla de Ema Martin,183,Elche,Sector Quinto,Alicante,03204
ObjectId('00000000000000000000007e'),Ignacio Rebollo Sanchez,Pasadizo de Paz Aranda,28,Elche,San Antón,Alicante,03203
ObjectId('00000000000000000000007f'),Marcial Hervás Pombo,Paseo Francisco Puig,267,Elche,Las Bayas,Alicante,03202
ObjectId('000000000000000000000080'),Jafet de Bermúdez,Pasadizo de Encarnita Zamorano,152,Elche,Centro,Alicante,03201
ObjectId('000000000000000000000081'),Nereida Gilabert Casanovas,Ronda de Lucas Sarabia,44,Elche,Centro,Alicante,03202
ObjectId('000000000000000000000082'),Cruz Merino Mayo,Vial de Angelina Serrano,105,Elche,Raval,Alicante,03206
ObjectId('000000000000000000000083'),Alfonso Cantón Múñiz,Paseo de Pancho Ruano,174,Elche,Zona Norte,Alicante,03202
ObjectId('000000000000000000000084'),Santiago Alcalde Cortina,Urbanización Isaura Benito,74,Elche,Palmerales,Alicante,03203
ObjectId('000000000000000000000085'),Soraya Madrid,Rambla Cosme Suarez,139,Elche,Altabix,Alicante,03201
ObjectId('000000000000000000000086'),Odalys del Pozuelo,Via de Amarilis Villalonga,64,Elche,Zona Norte,Alicante,03205
ObjectId('000000000000000000000087'),César Chacón-Tapia,Calle de Lalo Montserrat,189,Elche,Raval,Alicante,03202
ObjectId('000000000000000000000088'),Cirino Azorin Amaya,Vial Rebeca Perera,163,Elche,Sector Quinto,Alicante,03203
ObjectId('000000000000000000000089'),Amada Leal-Lerma,Pasadizo de Verónica Blasco,116,Elche,Las Bayas,Alicante,03206
ObjectId('00000000000000000000008a'),Eliana Quintana Escudero,Paseo Bartolomé Cuéllar,222,Elche,Sector Quinto,Alicante,03204
ObjectId('00000000000000000000008b'),Alejo Portero,Cañada Lino Tirado,100,Elche,Zona Norte,Alicante,03206
ObjectId('00000000000000000000008c'),Borja Bello Ribes,Urbanización de Belén Mínguez,300,Elche,Carrús,Alicante,03203
ObjectId('00000000000000000000008d'),Custodio Rocha Verdú,Calle de Eulalia Aranda,245,Elche,Palmerales,Alicante,03200
ObjectId('00000000000000000000008e'),Alejandra Chamorro Oliver,Vial de Luisa Castro,109,Elche,San Antón,Alicante,03204
ObjectId('00000000000000000000008f'),Liliana Arroyo Sandoval,Vial Odalis Fuentes,93,Elche,El Pla,Alicante,03200
ObjectId('000000000000000000000090'),José Mari del Carlos,Avenida Dorita Cardona,262,Elche,Sector Quinto,Alicante,03200
ObjectId('000000000000000000000091'),Abigaíl Jiménez-Amigó,Glorieta Danilo Sanjuan,130,Elche,Puertas Coloradas,Alicante,03200
ObjectId('000000000000000000000092'),Poncio Pascual Piquer,Urbanización de Esmeralda Llobet,226,Elche,El Pla,Alicante,03202
ObjectId('000000000000000000000093'),Marina del Roura,Avenida Almudena Cabanillas,294,Elche,Sector Quinto,Alicante,03201
ObjectId('000000000000000000000094'),Edelmira Escudero Reyes,Cuesta Asdrubal Luján,257,Elche,San Antón,Alicante,03200
ObjectId('000000000000000000000095'),América Griselda Verdugo Sancho,Urbanización Herberto Salmerón,193,Elche,Zona Norte,Alicante,03201
ObjectId('000000000000000000000096'),Tito del Canales,Cañada Martin Ponce,217,Elche,El Pla,Alicante,03203
ObjectId('000000000000000000000097'),Gabino Carmona,Via de Blanca Losada,286,Elche,Palmerales,Alicante,03206
ObjectId('000000000000000000000098'),Toribio Escribano Niño,Pasaje de Conrado Giner,172,Elche,El Pla,Alicante,03200
ObjectId('000000000000000000000099'),Crescencia del Manso,Alameda Cesar Nogués,270,Elche,Palmerales,Alicante,03204
ObjectId('00000000000000000000009a'),Segismundo Reyes-Gomez,Urbanización Lola Morillo,14,Elche,Carrús,Alicante,03201
ObjectId('00000000000000000000009b'),Constanza Piquer,Paseo de Sara Guillén,89,Elche,Las Bayas,Alicante,03206
ObjectId('00000000000000000000009c'),Patricio Pedro Alarcón Godoy,Cuesta Gervasio Múgica,156,Elche,Raval,Alicante,03205
ObjectId('00000000000000000000009d'),Paz Torrents,Alameda Aureliano Zamorano,5,Elche,San Antón,Alicante,03206
ObjectId('00000000000000000000009e'),Edmundo Verdugo-Corral,Via Constanza Coello,169,Elche,Carrús,Alicante,03202
ObjectId('00000000000000000000009f'),Eva María Meléndez Rovira,Calle de Celestino Terrón,265,Elche,Centro,Alicante,03206
ObjectId('0000000000000000000000a0'),Hermenegildo Conde-Zorrilla,Ronda Eva María Raya,217,Elche,Las Bayas,Alicante,03204
ObjectId('0000000000000000000000a1'),Cándido Chico Quintero,Camino María Pilar Antúnez,170,Elche,Sector Quinto,Alicante,03202
ObjectId('0000000000000000000000a2'),Maximino de Laguna,Pasaje Elpidio Pedro,133,Elche,Raval,Alicante,03201
ObjectId('0000000000000000000000a3'),Eligia de Segovia,Ronda Eligia Giner,162,Elche,El Toscar,Alicante,03201
ObjectId('0000000000000000000000a4'),Norberto Briones Lillo,Avenida María Ángeles Delgado,106,Elche,Las Bayas,Alicante,03203
ObjectId('0000000000000000000000a5'),Curro Conrado Bonilla Vélez,Pasaje de Viviana Ropero,128,Elche,Palmerales,Alicante,03204
ObjectId('0000000000000000000000a6'),Encarnita Leon,Via de Abilio Bastida,49,Elche,El Pla,Alicante,03204
ObjectId('0000000000000000000000a7'),Sabas Abella-Fabregat,Alameda de Osvaldo Zapata,55,Elche,Las Bayas,Alicante,03200
ObjectId('0000000000000000000000a8'),Fabián Macias Montes,Rambla Marco Ferrero,74,Elche,Zona Norte,Alicante,03206
ObjectId('0000000000000000000000a9'),Jimena Rojas Roig,Cuesta de Vanesa Casares,88,Elche,San Antón,Alicante,03206
ObjectId('0000000000000000000000aa'),Ariel Borrás,Cañada de Kike Llorente,153,Elche,Los Palmerales,Alicante,03201
ObjectId('0000000000000000000000ab'),Fabiana Sanjuan Albero,Avenida de Jacobo Grau,100,Elche,El Toscar,Alicante,03200
ObjectId('0000000000000000000000ac'),Trinidad García Borrás,Cañada de Marcial Castilla,15,Elche,Raval,Alicante,03204
ObjectId('0000000000000000000000ad'),Sandalio Cazorla-Arrieta,Callejón de Bienvenida Guzmán,242,Elche,Los Palmerales,Alicante,03200
ObjectId('0000000000000000000000ae'),Amaro Mur Ríos,Calle de Milagros Pellicer,230,Elche,Sector Quinto,Alicante,03205
ObjectId('0000000000000000000000af'),Florencio Gaspar Amigó Conde,Rambla de Anastasio Verdú,144,Elche,El Toscar,Alicante,03202
ObjectId('0000000000000000000000b0'),Tatiana de Haro,Plaza Nico Duran,240,Elche,San Antón,Alicante,03202
ObjectId('0000000000000000000000b1'),Asunción Mármol,Callejón Vilma Arrieta,97,Elche,Palmerales,Alicante,03204
ObjectId('0000000000000000000000b2'),Concepción Pulido Aguilar,Alameda de Marina Abascal,114,Elche,Zona Norte,Alicante,03203
ObjectId('0000000000000000000000b3'),Jordán Reyes Estrada,Pasaje de Leire Andreu,13,Elche,Las Bayas,Alicante,03200
ObjectId('0000000000000000000000b4'),Malena del Vélez,Urbanización de Benita Navas,76,Elche,San Antón,Alicante,03206
ObjectId('0000000000000000000000b5'),Encarnación Meléndez Rivero,Calle de Adelina Mariño,97,Elche,Zona Norte,Alicante,03200
ObjectId('0000000000000000000000b6'),Toribio González-Carbajo,Avenida de Carolina Barba,207,Elche,San Antón,Alicante,03204
ObjectId('0000000000000000000000b7'),Elena de Andrés,Pasadizo Álvaro Borrego,221,Elche,Carrús,Alicante,03202
ObjectId('0000000000000000000000b8'),Odalys de Cornejo,Urbanización de María Ángeles Anaya,92,Elche,Altabix,Alicante,03200
ObjectId('0000000000000000000000b9'),Calixto Nicolau Aguado,Ronda Paulina Ibáñez,252,Elche,Las Bayas,Alicante,03200
ObjectId('0000000000000000000000ba'),Olalla Criado,Cañada de Amancio Olmedo,269,Elche,Carrús,Alicante,03203
ObjectId('0000000000000000000000bb'),Úrsula Agullo Oliveras,C. Germán Ferrándiz,153,Elche,Altabix,Alicante,03200
ObjectId('0000000000000000000000bc'),Asdrubal del Garcia,Cañada Cristóbal Amador,161,Elche,San Antón,Alicante,03206
ObjectId('0000000000000000000000bd'),Andrea de Morell,Cañada Elisa Acuña,256,Elche,El Toscar,Alicante,03204
ObjectId('0000000000000000000000be'),Victoria Puga Neira,Rambla Eloísa Busquets,150,Elche,Altabix,Alicante,03206
ObjectId('0000000000000000000000bf'),Azahara de Folch,Rambla Glauco Ferrer,105,Elche,El Toscar,Alicante,03202
ObjectId('0000000000000000000000c0'),Raimundo Segura Arjona,Alameda Aitor Raya,56,Elche,Raval,Alicante,03206
ObjectId('0000000000000000000000c1'),Fernanda Andrea Anguita Maldonado,Acceso de Pedro Feliu,1,Elche,Los Palmerales,Alicante,03202
ObjectId('0000000000000000000000c2'),Aroa Lillo Ramis,Acceso de Rocío Espejo,17,Elche,Las Bayas,Alicante,03203
ObjectId('0000000000000000000000c3'),Chema Céspedes Quintanilla,Rambla Leocadio Espejo,129,Elche,Centro,Alicante,03200
ObjectId('0000000000000000000000c4'),Nicodemo Marqués-Montes,C. Fausto Fernández,98,Elche,Palmerales,Alicante,03200
ObjectId('0000000000000000000000c5'),Evita Acuña Torres,Rambla de Sebastian Valls,74,Elche,Sector Quinto,Alicante,03206
ObjectId('0000000000000000000000c6'),Martina Bueno,Avenida Tania Zurita,150,Elche,Sector Quinto,Alicante,03204
ObjectId('0000000000000000000000c7'),Leocadia Esparza Bernad,Plaza América Batalla,244,Elche,Sector Quinto,Alicante,03205
ObjectId('0000000000000000000000c8'),Feliciano Colom Franch,Cañada Ulises Fuster,11,Elche,Sector Quinto,Alicante,03205
ObjectId('0000000000000000000000c9'),Luis Ángel Galán Lucena,Pasadizo de Ricardo Nebot,270,Elche,Los Palmerales,Alicante,03205
ObjectId('0000000000000000000000ca'),Juan Francisco del Hervás,Paseo de Fidela Aranda,41,Elche,Carrús,Alicante,03201
ObjectId('0000000000000000000000cb'),Nando Régulo Reguera Suarez,Calle de Pascual Villegas,192,Elche,Zona Norte,Alicante,03206
ObjectId('0000000000000000000000cc'),Susanita Trini Pereira Bellido,Via Zacarías Yuste,293,Elche,Altabix,Alicante,03203
ObjectId('0000000000000000000000cd'),Octavia Ramos-Martinez,Glorieta de Celso Reyes,91,Elche,Centro,Alicante,03204
ObjectId('0000000000000000000000ce'),Angélica Regina Grande Hoyos,Ronda Jose Francisco Agullo,142,Elche,Zona Norte,Alicante,03206
ObjectId('0000000000000000000000cf'),Juan Pablo Cuevas Oliveras,Glorieta Edelmiro Báez,79,Elche,Sector Quinto,Alicante,03205
ObjectId('0000000000000000000000d0'),Rico Torrens Valverde,Paseo Régulo Elorza,184,Elche,San Antón,Alicante,03205
ObjectId('0000000000000000000000d1'),Ester Barberá Manzanares,Acceso Rufino Elorza,82,Elche,Sector Quinto,Alicante,03201
ObjectId('0000000000000000000000d2'),Reynaldo Soto Casanovas,Alameda Rosario Amador,252,Elche,Los Palmerales,Alicante,03204
ObjectId('0000000000000000000000d3'),Apolinar Calvet,Paseo de Ramiro Fuertes,114,Elche,Los Palmerales,Alicante,03206
ObjectId('0000000000000000000000d4'),María José Pozuelo Fiol,Avenida Efraín Medina,8,Elche,Centro,Alicante,03202
ObjectId('0000000000000000000000d5'),Anastasia Arana Amaya,Ronda Carlota Caro,258,Elche,Carrús,Alicante,03204
ObjectId('0000000000000000000000d6'),Fanny Martorell Poza,Plaza de Lázaro Cervera,210,Elche,Carrús,Alicante,03203
ObjectId('0000000000000000000000d7'),Magdalena Diez,Cuesta de Dulce Gibert,298,Elche,Zona Norte,Alicante,03201
ObjectId('0000000000000000000000d8'),Toribio Milla-Salinas,Via Joaquín Ramón,4,Elche,El Toscar,Alicante,03203
ObjectId('0000000000000000000000d9'),Clara de Adán,Via Carlota Carreras,106,Elche,Los Palmerales,Alicante,03205
ObjectId('0000000000000000000000da'),Fátima Mascaró Márquez,Plaza Tadeo Meléndez,300,Elche,Raval,Alicante,03205
ObjectId('0000000000000000000000db'),Eustaquio Gracia Vergara,Glorieta María Jesús Carro,138,Elche,Centro,Alicante,03201
ObjectId('0000000000000000000000dc'),Pascuala Fuente-Baquero,Pasadizo René Méndez,142,Elche,Carrús,Alicante,03203
ObjectId('0000000000000000000000dd'),Abigaíl del Girona,Urbanización Fausto Fabregat,271,Elche,Los Palmerales,Alicante,03203
ObjectId('0000000000000000000000de'),Asdrubal de Osuna,Via Ibán Bou,248,Elche,Carrús,Alicante,03200
ObjectId('0000000000000000000000df'),Julia Almagro Gonzalo,Callejón de Marina Valenzuela,214,Elche,Zona Norte,Alicante,03203
ObjectId('0000000000000000000000e0'),Febe Higueras,Alameda Alfredo Gargallo,78,Elche,Carrús,Alicante,03202
ObjectId('0000000000000000000000e1'),Eufemia Fuertes-Vallés,Avenida Joan Maza,197,Elche,San Antón,Alicante,03204
ObjectId('0000000000000000000000e2'),Adalberto Manrique Colomer,Vial de Mariana Oliveras,66,Elche,Puertas Coloradas,Alicante,03203
ObjectId('0000000000000000000000e3'),Mariana Abella Bas,Calle de Emiliano Castelló,57,Elche,El Toscar,Alicante,03202
ObjectId('0000000000000000000000e4'),Zaida Aragonés Miranda,Camino de Tiburcio Arteaga,120,Elche,Palmerales,Alicante,03203
ObjectId('0000000000000000000000e5'),Jacinto Llobet Giner,Acceso Lucila Palma,65,Elche,Los Palmerales,Alicante,03205
ObjectId('0000000000000000000000e6'),Borja Guillén Milla,Urbanización de Ariadna Tomás,10,Elche,Raval,Alicante,03205
ObjectId('0000000000000000000000e7'),Reina Barrios Tovar,Rambla de Curro Barco,88,Elche,Los Palmerales,Alicante,03203
ObjectId('0000000000000000000000e8'),Sol Cruz Nieto,Calle Valero Durán,206,Elche,San Antón,Alicante,03203
ObjectId('0000000000000000000000e9'),Teo Loreto Coello Portillo,Rambla de Perla Salom,169,Elche,San Antón,Alicante,03206
ObjectId('0000000000000000000000ea'),Maite Antúnez Canals,Calle de Ambrosio Vendrell,14,Elche,Palmerales,Alicante,03200
ObjectId('0000000000000000000000eb'),Eutropio Sureda López,Pasaje Irene Larrañaga,121,Elche,Raval,Alicante,03201
ObjectId('0000000000000000000000ec'),Rebeca Abad-Fortuny,Alameda de Clementina Nadal,90,Elche,Los Palmerales,Alicante,03204
ObjectId('0000000000000000000000ed'),Ramiro Segovia Cabanillas,Ronda Flavia Izaguirre,45,Elche,Las Bayas,Alicante,03204
ObjectId('0000000000000000000000ee'),Malena Juliá Bueno,Vial de Rosalía Manzano,258,Elche,Puertas Coloradas,Alicante,03202
ObjectId('0000000000000000000000ef'),Eustaquio Almansa-Cobo,Cuesta de Damián Riquelme,280,Elche,San Antón,Alicante,03200
ObjectId('0000000000000000000000f0'),Carolina Priego Grande,Cañada de Leopoldo Castelló,24,Elche,El Pla,Alicante,03202
ObjectId('0000000000000000000000f1'),Cirino Blázquez Bonilla,Acceso de Chuy Tejero,209,Elche,El Toscar,Alicante,03200
ObjectId('0000000000000000000000f2'),Candelas Cañizares Revilla,Alameda Gonzalo Baena,60,Elche,Altabix,Alicante,03201
ObjectId('0000000000000000000000f3'),Feliciano Alegria Borrell,Paseo de Román Vargas,230,Elche,Carrús,Alicante,03205
ObjectId('0000000000000000000000f4'),Leonel Duque Villalonga,Calle de Ileana Anguita,28,Elche,Altabix,Alicante,03204
ObjectId('0000000000000000000000f5'),Valeria Perelló-Lobato,Pasadizo Vicente Hervás,290,Elche,Puertas Coloradas,Alicante,03201
ObjectId('0000000000000000000000f6'),María Dolores Luna Sales,Cañada de Florentino Escolano,300,Elche,Raval,Alicante,03204
ObjectId('0000000000000000000000f7'),Juan Manuel Vigil Sanchez,Acceso Federico Olivé,200,Elche,Raval,Alicante,03204
ObjectId('0000000000000000000000f8'),Matilde Luque Cabezas,C. de Coral Ródenas,88,Elche,El Pla,Alicante,03202
ObjectId('0000000000000000000000f9'),Victoria Corominas Castellanos,Glorieta Cleto Maestre,49,Elche,Altabix,Alicante,03203
ObjectId('0000000000000000000000fa'),Natanael Marqués-Luque,Ronda Maribel Pizarro,216,Elche,Centro,Alicante,03202
ObjectId('0000000000000000000000fb'),Juan Luis Cañellas Colom,Pasaje de José Ángel Catalán,106,Elche,Altabix,Alicante,03202
ObjectId('0000000000000000000000fc'),Eliseo Paniagua Bauzà,Callejón de Daniel Figueroa,174,Elche,San Antón,Alicante,03203
ObjectId('0000000000000000000000fd'),Eusebia Aguado Recio,Via de Elisa Ayllón,158,Elche,Centro,Alicante,03201
ObjectId('0000000000000000000000fe'),Vinicio Santos Chamorro Guardiola,Acceso de Graciano Benavente,30,Elche,Sector Quinto,Alicante,03202
ObjectId('0000000000000000000000ff'),Melisa Rozas Gimeno,Pasadizo Celia Pedrosa,225,Elche,Palmerales,Alicante,03202
ObjectId('000000000000000000000100'),Macarena Laguna Novoa,Pasadizo Máxima Fuente,256,Elche,Los Palmerales,Alicante,03200
ObjectId('000000000000000000000101'),Sebastián Gálvez Palacio,Pasadizo Macaria Escalona,193,Elche,El Toscar,Alicante,03203
ObjectId('000000000000000000000102'),Graciano Bello Zurita,Alameda de Loreto Donoso,43,Elche,Sector Quinto,Alicante,03203
ObjectId('000000000000000000000103'),Segismundo Llorente Cañete,Callejón de Moisés Castell,213,Elche,Carrús,Alicante,03201
ObjectId('000000000000000000000104'),Anastasio Galvez Gallo,Avenida de Juan Macías,295,Elche,Palmerales,Alicante,03206
ObjectId('000000000000000000000105'),Gregorio Salamanca Coronado,Via Eloísa Sotelo,89,Elche,Los Palmerales,Alicante,03201
ObjectId('000000000000000000000106'),Marcelino Cañas-Cabanillas,Pasadizo de Manu Tejedor,27,Elche,Centro,Alicante,03200
ObjectId('000000000000000000000107'),Marisa Campoy-Coll,C. Anna Izquierdo,259,Elche,Sector Quinto,Alicante,03201
ObjectId('000000000000000000000108'),Ani Luz,Camino Pacífica Gómez,68,Elche,El Pla,Alicante,03201
ObjectId('000000000000000000000109'),Carlito Santiago Fuertes,Via de Godofredo Alegre,187,Elche,El Pla,Alicante,03206
ObjectId('00000000000000000000010a'),Purificación María Dolores Cáceres Boada,Calle de Prudencia Gargallo,272,Elche,San Antón,Alicante,03204
ObjectId('00000000000000000000010b'),María Teresa Remedios Antón Mateo,Paseo Anacleto Piñol,33,Elche,Raval,Alicante,03202
ObjectId('00000000000000000000010c'),Victor del Zamora,Rambla de Chema Ramis,208,Elche,El Toscar,Alicante,03200
ObjectId('00000000000000000000010d'),Clemente Ibarra,Urbanización de Lázaro Espejo,106,Elche,Zona Norte,Alicante,03200
ObjectId('00000000000000000000010e'),Hilda Múñiz Lorenzo,Via Marc Ramis,112,Elche,Zona Norte,Alicante,03201
ObjectId('00000000000000000000010f'),Gala Borrás Vidal,C. de Eustaquio Sanjuan,81,Elche,Centro,Alicante,03202
ObjectId('000000000000000000000110'),Herminio de Rosell,Via de Jordán Español,25,Elche,El Pla,Alicante,03205
ObjectId('000000000000000000000111'),Pedro de Matas,Rambla Odalys Pedrosa,128,Elche,Sector Quinto,Alicante,03201
ObjectId('000000000000000000000112'),Jose Manuel Cuevas Silva,Calle de Juana Landa,300,Elche,Zona Norte,Alicante,03201
ObjectId('000000000000000000000113'),Luz Buendía Uría,Acceso Valentín Cordero,211,Elche,El Pla,Alicante,03200
ObjectId('000000000000000000000114'),Rufina Ropero Vázquez,Avenida de Antonio Vilanova,24,Elche,El Pla,Alicante,03204
ObjectId('000000000000000000000115'),Ana Belén Tur Bou,Rambla de Alondra Alvarez,33,Elche,Sector Quinto,Alicante,03206
ObjectId('000000000000000000000116'),Fidela del Rosa,Calle de Flavio Gil,179,Elche,Raval,Alicante,03204
ObjectId('000000000000000000000117'),Nadia de Reig,Plaza Irma Juliá,104,Elche,Puertas Coloradas,Alicante,03200
ObjectId('000000000000000000000118'),Edu Aguilar Baena,Avenida de Almudena Valle,241,Elche,Carrús,Alicante,03204
ObjectId('000000000000000000000119'),Toño Gómez Barriga,Plaza Lorena Barbero,139,Elche,Raval,Alicante,03200
ObjectId('00000000000000000000011a'),Albina Gibert Quirós,Ronda de Lorena Benitez,40,Elche,Altabix,Alicante,03200
ObjectId('00000000000000000000011b'),Anselma Alejandra Mayo Valero,Glorieta de Edgardo Alvarez,208,Elche,Las Bayas,Alicante,03203
ObjectId('00000000000000000000011c'),Cayetano Cid Tenorio,Urbanización Hector Verdejo,108,Elche,Palmerales,Alicante,03204
ObjectId('00000000000000000000011d'),Damián Redondo Conde,Rambla Noé Medina,212,Elche,Sector Quinto,Alicante,03204
ObjectId('00000000000000000000011e'),Moisés Marco Ferrera,Plaza Belén Aguiló,288,Elche,Puertas Coloradas,Alicante,03201
ObjectId('00000000000000000000011f'),Florencia Gárate Roselló,Camino de Esmeralda Grande,102,Elche,Sector Quinto,Alicante,03201
ObjectId('000000000000000000000120'),Marina Zamora Delgado,Glorieta Pastora Acevedo,183,Elche,Centro,Alicante,03202
ObjectId('000000000000000000000121'),Flora Boada-Gomez,Camino Concha Sales,128,Elche,San Antón,Alicante,03202
ObjectId('000000000000000000000122'),Itziar Hoz Peñalver,Urbanización de Flavia Checa,75,Elche,Raval,Alicante,03205
ObjectId('000000000000000000000123'),Nicodemo del Fabregat,Glorieta Rico Aguado,177,Elche,Carrús,Alicante,03200
ObjectId('000000000000000000000124'),Curro Cesar Bermúdez Piñeiro,C. de Vito Marti,278,Elche,Carrús,Alicante,03205
ObjectId('000000000000000000000125'),Palmira Mancebo Fuertes,Avenida Loreto Solís,17,Elche,Zona Norte,Alicante,03203
ObjectId('000000000000000000000126'),Hugo Giner Jover,Paseo Borja Higueras,32,Elche,Los Palmerales,Alicante,03205
ObjectId('000000000000000000000127'),Pascuala Perea España,Avenida de Eligio Yáñez,259,Elche,Altabix,Alicante,03200
ObjectId('000000000000000000000128'),Bautista Lillo-Bru,Camino de Adriana Salazar,222,Elche,Palmerales,Alicante,03206
ObjectId('000000000000000000000129'),Iker del Barrio,Alameda Eli Salmerón,181,Elche,San Antón,Alicante,03205
ObjectId('00000000000000000000012a'),Jeremías Lledó Arco,Via Baudelio Maestre,76,Elche,Centro,Alicante,03202
ObjectId('00000000000000000000012b'),Ale Paniagua Cortina,Cuesta de Severo Piñol,100,Elche,San Antón,Alicante,03200
ObjectId('00000000000000000000012c'),Hilda Gallego Sanmartín,Pasadizo de Zacarías Gibert,92,Elche,Los Palmerales,Alicante,03200
ObjectId('00000000000000000000012d'),Angelina Grau Quirós,C. de Amador Tomas,190,Elche,Puertas Coloradas,Alicante,03206
ObjectId('00000000000000000000012e'),Herberto Egea,Rambla de Jose Ignacio Naranjo,90,Elche,Carrús,Alicante,03200
ObjectId('00000000000000000000012f'),Flavio Girón Mesa,Urbanización de Heriberto Mir,166,Elche,El Toscar,Alicante,03204
ObjectId('000000000000000000000130'),Cayetana Pazos Campoy,Cañada de Heliodoro Echevarría,147,Elche,Raval,Alicante,03203
ObjectId('000000000000000000000131'),Juan Luis Alonso Borrego,Glorieta Tomasa Pol,219,Elche,Puertas Coloradas,Alicante,03202
ObjectId('000000000000000000000132'),Marco Millán Pablo,Alameda Jessica Alfonso,191,Elche,Altabix,Alicante,03201
ObjectId('000000000000000000000133'),Herminio Tenorio Hoz,Rambla de Rómulo Vázquez,228,Elche,El Toscar,Alicante,03202
ObjectId('000000000000000000000134'),Nicolasa Laguna Cabanillas,Pasaje Anastasia Batalla,82,Elche,Carrús,Alicante,03201
ObjectId('000000000000000000000135'),Marcio Ortega Rodrigo,Urbanización de Susanita Macías,81,Elche,Centro,Alicante,03201
ObjectId('000000000000000000000136'),Lola Mas-Iborra,Vial de Francisco Javier Torrens,29,Elche,Sector Quinto,Alicante,03203
ObjectId('000000000000000000000137'),Encarnación Moraleda Beltrán,Callejón Tere Valderrama,170,Elche,El Toscar,Alicante,03202
ObjectId('000000000000000000000138'),Rosenda Frutos Pinilla,Camino Régulo Roldán,130,Elche,Altabix,Alicante,03205
ObjectId('000000000000000000000139'),Pacífica Ortuño-Larrañaga,Rambla Rosalinda Carreño,182,Elche,Los Palmerales,Alicante,03202
ObjectId('00000000000000000000013a'),Reynaldo Ferrán-Carbajo,Ronda Amaya Rodríguez,169,Elche,San Antón,Alicante,03202
ObjectId('00000000000000000000013b'),Tristán Planas Vilanova,Acceso Graciano Villa,235,Elche,Los Palmerales,Alicante,03205
ObjectId('00000000000000000000013c'),Petrona Baena Carlos,Callejón Salud Bermúdez,126,Elche,Altabix,Alicante,03200
ObjectId('00000000000000000000013d'),Carmelita Pla-Bustamante,Calle Rosaura Rius,133,Elche,Los Palmerales,Alicante,03205
ObjectId('00000000000000000000013e'),Joaquina Bello-Catalá,Callejón de Adalberto Mariño,183,Elche,Sector Quinto,Alicante,03200
ObjectId('00000000000000000000013f'),Clotilde Barriga-Maestre,Paseo de Baldomero Coello,16,Elche,El Pla,Alicante,03205
ObjectId('000000000000000000000140'),Olivia Nevado Lago,Callejón de Soledad Busquets,278,Elche,Raval,Alicante,03200
ObjectId('000000000000000000000141'),Juan Francisco Adadia,Glorieta de Emelina Mariscal,8,Elche,Zona Norte,Alicante,03202
ObjectId('000000000000000000000142'),Mirta Montserrat Mateu Menendez,Acceso de Gertrudis Zurita,68,Elche,Sector Quinto,Alicante,03202
ObjectId('000000000000000000000143'),Álvaro Arnal-Yáñez,C. de Maura Sureda,236,Elche,Puertas Coloradas,Alicante,03204
ObjectId('000000000000000000000144'),Heliodoro Mariano Zamorano Recio,Cuesta María Carmen Santiago,42,Elche,Sector Quinto,Alicante,03203
ObjectId('000000000000000000000145'),Miriam del Vazquez,Acceso de Severiano Pozuelo,186,Elche,Palmerales,Alicante,03204
ObjectId('000000000000000000000146'),Candela del Quintanilla,Plaza de Toni Campo,135,Elche,San Antón,Alicante,03203
ObjectId('000000000000000000000147'),Elías Gargallo Amor,Rambla de Gustavo Donoso,56,Elche,Raval,Alicante,03202
ObjectId('000000000000000000000148'),Soledad Fajardo Gibert,Ronda de Aitor Trujillo,16,Elche,Carrús,Alicante,03203
ObjectId('000000000000000000000149'),Jose Ignacio Ortuño Duque,Cuesta Rodrigo Querol,211,Elche,Sector Quinto,Alicante,03202
ObjectId('00000000000000000000014a'),Carlota Villegas Vidal,Pasadizo Isaac Bermudez,153,Elche,Carrús,Alicante,03206
ObjectId('00000000000000000000014b'),Manola del Torres,Acceso Ale Royo,40,Elche,San Antón,Alicante,03200
ObjectId('00000000000000000000014c'),Alonso Posada Agustí,Acceso de Jenaro Roldán,113,Elche,Puertas Coloradas,Alicante,03201
ObjectId('00000000000000000000014d'),Sandalio de Balaguer,C. de Natanael Jerez,142,Elche,Zona Norte,Alicante,03200
ObjectId('00000000000000000000014e'),Febe Ariadna Leon Bustamante,Vial de Toribio Porta,6,Elche,Los Palmerales,Alicante,03200
ObjectId('00000000000000000000014f'),Ruy Prat Carnero,Avenida de Olalla Pombo,218,Elche,Los Palmerales,Alicante,03205
ObjectId('000000000000000000000150'),Primitiva Valdés-Pacheco,Ronda Rosalva Vaquero,8,Elche,El Toscar,Alicante,03201
ObjectId('000000000000000000000151'),Jafet Acuña,Avenida de Xavier Miralles,18,Elche,San Antón,Alicante,03201
ObjectId('000000000000000000000152'),Berto Nogueira Garay,Paseo de Ariadna Cárdenas,193,Elche,Raval,Alicante,03204
ObjectId('000000000000000000000153'),Marc Fortunato Trillo Llamas,Via de Maximiano Vizcaíno,32,Elche,Centro,Alicante,03202
ObjectId('000000000000000000000154'),Loreto Segura Narváez,Avenida de Brígida Rojas,228,Elche,El Toscar,Alicante,03206
ObjectId('000000000000000000000155'),Onofre Reina,Glorieta Belen Duran,118,Elche,Carrús,Alicante,03202
ObjectId('000000000000000000000156'),Leire Río Pino,Urbanización Leandro Rodríguez,237,Elche,Raval,Alicante,03202
ObjectId('000000000000000000000157'),Chucho Izquierdo,Avenida de Bernardo Clemente,131,Elche,Raval,Alicante,03202
ObjectId('000000000000000000000158'),Clarisa Alcántara Catalán,Glorieta Corona Cánovas,86,Elche,Altabix,Alicante,03202
ObjectId('000000000000000000000159'),Ruben Saura-Vallés,Acceso Corona Camino,144,Elche,Zona Norte,Alicante,03205
ObjectId('00000000000000000000015a'),Amarilis Magdalena Nevado Yuste,C. de Felix Bertrán,104,Elche,El Toscar,Alicante,03200
ObjectId('00000000000000000000015b'),Nazario Lucas,Callejón de Arcelia Mena,280,Elche,Los Palmerales,Alicante,03201
ObjectId('00000000000000000000015c'),Nico Marin Castilla,Via Áurea Baquero,247,Elche,Las Bayas,Alicante,03203
ObjectId('00000000000000000000015d'),Gloria Franco Águila,Pasaje de Teodoro Granados,300,Elche,Las Bayas,Alicante,03206
ObjectId('00000000000000000000015e'),Macario de Varela,Cuesta Calista Cuéllar,37,Elche,El Pla,Alicante,03201
ObjectId('00000000000000000000015f'),Pascual Carnero Torrent,C. de Zaida Goicoechea,277,Elche,Sector Quinto,Alicante,03201
ObjectId('000000000000000000000160'),Adelina Araceli Amador Suárez,Plaza Remedios Llobet,151,Elche,Puertas Coloradas,Alicante,03200
ObjectId('000000000000000000000161'),Sabina Carro Benítez,Pasadizo de Paco Cabrero,152,Elche,Puertas Coloradas,Alicante,03206
ObjectId('000000000000000000000162'),Luna Andrade,Callejón de Obdulia Tejera,15,Elche,Zona Norte,Alicante,03201
ObjectId('000000000000000000000163'),Alberto Robles Martí,Paseo de Abel Sandoval,252,Elche,San Antón,Alicante,03204
ObjectId('000000000000000000000164'),Agustín Anacleto Carrera Ródenas,Acceso de Zaida Murillo,296,Elche,Puertas Coloradas,Alicante,03204
ObjectId('000000000000000000000165'),Jenaro Gomis Gual,Glorieta Emilia Gimenez,228,Elche,El Pla,Alicante,03206
ObjectId('000000000000000000000166'),Cándido Batalla Carbó,Cuesta de Gertrudis Durán,116,Elche,Carrús,Alicante,03204
ObjectId('000000000000000000000167'),Apolonia Carrillo Prieto,Glorieta de Loreto Gomez,48,Elche,El Toscar,Alicante,03204
ObjectId('000000000000000000000168'),Lucía Ruiz,Acceso de Adelia Barriga,211,Elche,Palmerales,Alicante,03205
ObjectId('000000000000000000000169'),Rafa Carvajal-Aguado,Rambla de Albert Cabrera,200,Elche,Carrús,Alicante,03203
ObjectId('00000000000000000000016a'),Maristela Solera Checa,Acceso de Lucio Molins,60,Elche,Palmerales,Alicante,03203
ObjectId('00000000000000000000016b'),Armida Casares Villa,Plaza Javi Hidalgo,83,Elche,Sector Quinto,Alicante,03205
ObjectId('00000000000000000000016c'),Petrona Carina Monreal Céspedes,Rambla de Juana Osorio,271,Elche,Sector Quinto,Alicante,03203
ObjectId('00000000000000000000016d'),Guiomar Mayol Barroso,Urbanización Wilfredo Sanmartín,284,Elche,Palmerales,Alicante,03206
ObjectId('00000000000000000000016e'),Javiera Torrens Saez,Paseo de Luisa Salazar,4,Elche,El Pla,Alicante,03203
ObjectId('00000000000000000000016f'),Alfredo Mendoza Donaire,Avenida Anacleto Alcolea,241,Elche,Palmerales,Alicante,03205
ObjectId('000000000000000000000170'),Graciela Gámez Monreal,Paseo Isabela Heras,255,Elche,El Toscar,Alicante,03201
ObjectId('000000000000000000000171'),José Rivas Pina,Callejón de Paz Poza,267,Elche,Palmerales,Alicante,03205
ObjectId('000000000000000000000172'),Flora Arce Galindo,Urbanización Natalio Huguet,263,Elche,Carrús,Alicante,03202
ObjectId('000000000000000000000173'),Luz Figueras Guillén,Cañada de Ricarda Jara,118,Elche,Sector Quinto,Alicante,03204
ObjectId('000000000000000000000174'),Victor de Escudero,Ronda Dani Tejero,94,Elche,Palmerales,Alicante,03201
ObjectId('000000000000000000000175'),Pilar Naranjo Salgado,Camino Clímaco Lloret,245,Elche,El Toscar,Alicante,03205
ObjectId('000000000000000000000176'),Felicia Conesa Franch,Cuesta de Asunción Oliveras,167,Elche,Altabix,Alicante,03201
ObjectId('000000000000000000000177'),Aitor Cantero Gilabert,Pasadizo de Noa Ropero,124,Elche,Carrús,Alicante,03203
ObjectId('000000000000000000000178'),Leopoldo Onofre Arana Acosta,Via de Gilberto Vila,130,Elche,Carrús,Alicante,03201
ObjectId('000000000000000000000179'),Elpidio Casado Sebastián,Calle Jimena Poza,186,Elche,Altabix,Alicante,03203
ObjectId('00000000000000000000017a'),Pascual León-Sobrino,Paseo Bartolomé Díaz,112,Elche,Los Palmerales,Alicante,03205
ObjectId('00000000000000000000017b'),Joaquina Amores Melero,Pasaje de Consuela Enríquez,219,Elche,Las Bayas,Alicante,03204
ObjectId('00000000000000000000017c'),Reinaldo Vallejo Mata,Cañada de Apolonia Mayoral,164,Elche,Los Palmerales,Alicante,03205
ObjectId('00000000000000000000017d'),Héctor Rosa Fortuny,Via de Manu Pérez,153,Elche,Sector Quinto,Alicante,03201
ObjectId('00000000000000000000017e'),Angelino Castell-Terrón,Pasaje de Sergio Rueda,224,Elche,Zona Norte,Alicante,03203
ObjectId('00000000000000000000017f'),Duilio de Ferreras,Rambla de Álvaro Daza,127,Elche,El Toscar,Alicante,03203
ObjectId('000000000000000000000180'),Odalys Agudo Mora,Rambla Inmaculada Llorens,155,Elche,Sector Quinto,Alicante,03201
ObjectId('000000000000000000000181'),Mohamed Pablo Mendizábal,Calle Berta Bustos,61,Elche,Puertas Coloradas,Alicante,03200
ObjectId('000000000000000000000182'),Fermín Llobet-Abellán,Avenida Chus Cano,129,Elche,Los Palmerales,Alicante,03200
ObjectId('000000000000000000000183'),León Echevarría Solé,Callejón Crescencia Larrañaga,18,Elche,Altabix,Alicante,03202
ObjectId('000000000000000000000184'),Amador Iglesia Campo,Ronda Miguel Ángel Machado,128,Elche,Las Bayas,Alicante,03204
ObjectId('000000000000000000000185'),Toño Bilbao Aguirre,Acceso Encarna Andreu,4,Elche,Puertas Coloradas,Alicante,03204
ObjectId('000000000000000000000186'),Lope del Jurado,Camino de Elba Quintana,258,Elche,Las Bayas,Alicante,03200
ObjectId('000000000000000000000187'),Amador Gallardo-Querol,Ronda Damián Ramirez,66,Elche,San Antón,Alicante,03205
ObjectId('000000000000000000000188'),Victorino Barreda Oliva,Cuesta Duilio Aparicio,179,Elche,El Toscar,Alicante,03201
ObjectId('000000000000000000000189'),Loreto del Palma,Glorieta de Ligia Izaguirre,20,Elche,Sector Quinto,Alicante,03200
ObjectId('00000000000000000000018a'),Zaira Batlle Sainz,Acceso Dorita Vallejo,68,Elche,Raval,Alicante,03201
ObjectId('00000000000000000000018b'),Bernarda Nebot-Mir,Vial Amador Barros,293,Elche,Centro,Alicante,03205
ObjectId('00000000000000000000018c'),Amaro Isidro Nogués Palomo,Plaza de Iris Zaragoza,211,Elche,Zona Norte,Alicante,03205
ObjectId('00000000000000000000018d'),Gema Jesusa Berenguer Ávila,Acceso de Domingo Salmerón,59,Elche,Sector Quinto,Alicante,03202
ObjectId('00000000000000000000018e'),Nando Jordá Andrés,Urbanización de Feliciano Barón,73,Elche,Palmerales,Alicante,03200
ObjectId('00000000000000000000018f'),Glauco Marcio Cobos Casares,Camino de Dorotea Lastra,16,Elche,Palmerales,Alicante,03205
ObjectId('000000000000000000000190'),Óscar Sebastián,Calle Bienvenida Palma,45,Elche,San Antón,Alicante,03201
ObjectId('000000000000000000000191'),Verónica Alcalá-Huguet,Camino Natalia Llobet,258,Elche,El Pla,Alicante,03206
ObjectId('000000000000000000000192'),José Chamorro-Boada,Cañada Miguela Bayo,159,Elche,Zona Norte,Alicante,03205
ObjectId('000000000000000000000193'),Roque Castelló Porcel,C. Alonso Pereira,102,Elche,Palmerales,Alicante,03204
ObjectId('000000000000000000000194'),Clementina Tomas Mariño,Cuesta Félix Ripoll,209,Elche,Palmerales,Alicante,03203
ObjectId('000000000000000000000195'),Vasco Gonzalo Company,Cuesta de Eloísa Fonseca,192,Elche,Centro,Alicante,03201
ObjectId('000000000000000000000196'),José Manuel Pizarro,Glorieta de Jesús Jaume,96,Elche,Sector Quinto,Alicante,03204
ObjectId('000000000000000000000197'),Agustina Luque Lluch,Vial de Eufemia Molins,22,Elche,Zona Norte,Alicante,03202
ObjectId('000000000000000000000198'),Adela Alcántara,Cañada Moisés Canales,226,Elche,Centro,Alicante,03200
ObjectId('000000000000000000000199'),Fabricio Aguilera Rovira,Pasaje Chema Rueda,77,Elche,Las Bayas,Alicante,03203
ObjectId('00000000000000000000019a'),Amando Vendrell Nicolás,Via de Celia Crespo,79,Elche,Sector Quinto,Alicante,03202
ObjectId('00000000000000000000019b'),Yésica Aguilera Pi,C. de Obdulia Llobet,229,Elche,Palmerales,Alicante,03202
ObjectId('00000000000000000000019c'),Olegario Pozuelo Alegria,Glorieta Bonifacio Amo,240,Elche,Las Bayas,Alicante,03206
ObjectId('00000000000000000000019d'),Carmelo Ferrera,C. de Leticia Aragonés,164,Elche,Los Palmerales,Alicante,03202
ObjectId('00000000000000000000019e'),Nando Tolosa Ledesma,Glorieta de Abel Hidalgo,50,Elche,El Toscar,Alicante,03206
ObjectId('00000000000000000000019f'),Rufino Victor Cabañas Gámez,Avenida Elodia Paz,282,Elche,El Toscar,Alicante,03203
ObjectId('0000000000000000000001a0'),Sebastian Roldán Alberto,Pasadizo Luisa Guitart,219,Elche,San Antón,Alicante,03206
ObjectId('0000000000000000000001a1'),Elías Contreras Casanova,Callejón Ismael Fuster,286,Elche,Palmerales,Alicante,03206
ObjectId('0000000000000000000001a2'),Trinidad Francisco Galán,Callejón de Ámbar Estévez,182,Elche,El Toscar,Alicante,03200
ObjectId('0000000000000000000001a3'),María Luisa Solera Pombo,Glorieta de Francisca Valenciano,236,Elche,Raval,Alicante,03202
ObjectId('0000000000000000000001a4'),Francisco Perera Lasa,Glorieta José Manuel Mir,119,Elche,Raval,Alicante,03205
ObjectId('0000000000000000000001a5'),Mauricio Fuertes Duarte,Callejón Visitación Revilla,216,Elche,Puertas Coloradas,Alicante,03200
ObjectId('0000000000000000000001a6'),Román Albero Catalá,Camino de Gerónimo Feliu,6,Elche,Los Palmerales,Alicante,03205
ObjectId('0000000000000000000001a7'),Virginia de Peinado,Callejón Olivia Teruel,230,Elche,El Pla,Alicante,03206
ObjectId('0000000000000000000001a8'),Íñigo Gordillo,Cuesta Amando Gómez,136,Elche,Altabix,Alicante,03206
ObjectId('0000000000000000000001a9'),Isidro Kike Román Escudero,Urbanización de Federico Mesa,10,Elche,Centro,Alicante,03206
ObjectId('0000000000000000000001aa'),Maribel Lara-Almansa,Callejón de Etelvina Capdevila,200,Elche,El Toscar,Alicante,03201
ObjectId('0000000000000000000001ab'),Aurelia Consuela Castell Abascal,Pasadizo de Maite Checa,41,Elche,Palmerales,Alicante,03202
ObjectId('0000000000000000000001ac'),Delfina Soria Díaz,Rambla Amparo Arnau,141,Elche,Puertas Coloradas,Alicante,03206
ObjectId('0000000000000000000001ad'),Saturnina Gallego Posada,Urbanización Jafet Lumbreras,156,Elche,Palmerales,Alicante,03206
ObjectId('0000000000000000000001ae'),Lucila Porta Agustí,Cañada Clímaco Barrena,269,Elche,El Pla,Alicante,03202
ObjectId('0000000000000000000001af'),Nando del Luque,C. de Chus Vicente,63,Elche,El Pla,Alicante,03204
ObjectId('0000000000000000000001b0'),Pepita Carballo Zapata,Camino Dionisia Márquez,230,Elche,San Antón,Alicante,03203
ObjectId('0000000000000000000001b1'),Domingo Alcalde,Rambla de Eusebio Santos,255,Elche,Los Palmerales,Alicante,03206
ObjectId('0000000000000000000001b2'),Isabela Carina Fuente Borrás,Alameda Eliana Giner,130,Elche,Palmerales,Alicante,03206
ObjectId('0000000000000000000001b3'),Beatriz Trillo Mulet,Paseo de Fermín Clemente,115,Elche,Raval,Alicante,03204
ObjectId('0000000000000000000001b4'),Celso Godofredo Armas Espejo,Rambla Pepe Bayón,202,Elche,El Toscar,Alicante,03202
ObjectId('0000000000000000000001b5'),Goyo Osuna Roselló,Glorieta Leopoldo Solsona,43,Elche,Carrús,Alicante,03204
ObjectId('0000000000000000000001b6'),Manuel Serna Lucas,Paseo Juan Bautista Benet,69,Elche,Altabix,Alicante,03206
ObjectId('0000000000000000000001b7'),Serafina Toledo Bayo,C. Gabriel Velasco,162,Elche,Los Palmerales,Alicante,03204
ObjectId('0000000000000000000001b8'),Leoncio Nicolás Arenas,Urbanización Fidel Hoyos,18,Elche,Las Bayas,Alicante,03201
ObjectId('0000000000000000000001b9'),Teresa de Torre,Plaza Matilde Castells,193,Elche,Zona Norte,Alicante,03200
ObjectId('0000000000000000000001ba'),Ezequiel Amaya-Sales,Rambla de Albert Valderrama,233,Elche,Puertas Coloradas,Alicante,03203
ObjectId('0000000000000000000001bb'),Eutimio Arroyo Coll,Avenida de Quirino Delgado,250,Elche,San Antón,Alicante,03201
ObjectId('0000000000000000000001bc'),Ámbar Jaume Durán,Alameda Almudena Morillo,227,Elche,Palmerales,Alicante,03203
ObjectId('0000000000000000000001bd'),Herminio Bernabé Boix Requena,Plaza Saturnino Pelayo,66,Elche,Zona Norte,Alicante,03206
ObjectId('0000000000000000000001be'),Azahara Esteve Pardo,Callejón de Candelario Fortuny,145,Elche,Palmerales,Alicante,03204
ObjectId('0000000000000000000001bf'),Felipe de Cortés,Alameda de Godofredo Sanchez,47,Elche,Las Bayas,Alicante,03206
ObjectId('0000000000000000000001c0'),Román Segovia Sáez,Plaza Salud Izaguirre,118,Elche,Altabix,Alicante,03205
ObjectId('0000000000000000000001c1'),Jovita del Avilés,Paseo de Hermenegildo Molina,207,Elche,Zona Norte,Alicante,03200
ObjectId('0000000000000000000001c2'),Vinicio Benitez Acuña,Plaza de Mar Amorós,263,Elche,Altabix,Alicante,03202
ObjectId('0000000000000000000001c3'),Aura Bustos Lluch,Vial de Modesta Sedano,291,Elche,El Toscar,Alicante,03205
ObjectId('0000000000000000000001c4'),Jose Francisco Márquez Rivero,Calle Paz Neira,153,Elche,Las Bayas,Alicante,03201
ObjectId('0000000000000000000001c5'),Aureliano Fuertes Fortuny,Paseo Reina Morillo,81,Elche,San Antón,Alicante,03200
ObjectId('0000000000000000000001c6'),Vicente Orozco Gutierrez,Glorieta de Remedios Alsina,156,Elche,Las Bayas,Alicante,03201
ObjectId('0000000000000000000001c7'),Maricruz Salcedo Fajardo,Cuesta Ibán Saez,55,Elche,Raval,Alicante,03205
ObjectId('0000000000000000000001c8'),Raquel Anaya Beltran,Glorieta Flora Nicolau,3,Elche,Los Palmerales,Alicante,03204
ObjectId('0000000000000000000001c9'),Albert Agudo Duque,Glorieta de Eva María Barral,175,Elche,Raval,Alicante,03204
ObjectId('0000000000000000000001ca'),Román Barrio Carreras,Cuesta Luis Arévalo,170,Elche,Centro,Alicante,03206
ObjectId('0000000000000000000001cb'),Yolanda del Huguet,Rambla Natalio Roca,113,Elche,El Toscar,Alicante,03205
ObjectId('0000000000000000000001cc'),Encarnacion Cuéllar Robledo,Paseo Evelia Olmedo,97,Elche,El Toscar,Alicante,03204
ObjectId('0000000000000000000001cd'),Noé Alonso Mulet,Cuesta Noelia Alvarado,246,Elche,Raval,Alicante,03202
ObjectId('0000000000000000000001ce'),Carmelita Aznar-Terrón,Callejón Vilma Álamo,280,Elche,Carrús,Alicante,03200
ObjectId('0000000000000000000001cf'),Octavia Segura Barba,Via Nieves Girón,69,Elche,Palmerales,Alicante,03203
ObjectId('0000000000000000000001d0'),Gabriela Salvà Corral,Acceso de Wilfredo Suárez,21,Elche,Raval,Alicante,03200
ObjectId('0000000000000000000001d1'),Abigaíl Sancho Manrique,Via de Adalberto Campillo,106,Elche,Raval,Alicante,03202
ObjectId('0000000000000000000001d2'),Juan Pablo Franch Reguera,Ronda Dafne Borja,276,Elche,Raval,Alicante,03203
ObjectId('0000000000000000000001d3'),Emilia Verdú Rodríguez,Urbanización Diana Cervantes,101,Elche,Altabix,Alicante,03203
ObjectId('0000000000000000000001d4'),Sigfrido Requena-Solano,Cañada Sonia Antúnez,59,Elche,Raval,Alicante,03206
ObjectId('0000000000000000000001d5'),Ángela Gascón-Grande,Calle Rubén Fortuny,251,Elche,Puertas Coloradas,Alicante,03201
ObjectId('0000000000000000000001d6'),Dionisia Ávila Sans,Plaza Andrés Márquez,75,Elche,Zona Norte,Alicante,03203
ObjectId('0000000000000000000001d7'),Víctor Sandalio Ugarte Girona,Plaza de Cayetano Acosta,51,Elche,Las Bayas,Alicante,03204
ObjectId('0000000000000000000001d8'),Ibán Adolfo Sanjuan Ramis,Pasadizo de Roberta Arnau,29,Elche,Centro,Alicante,03200
ObjectId('0000000000000000000001d9'),Amor Pina-Ropero,Plaza de Albino Reyes,180,Elche,Los Palmerales,Alicante,03201
ObjectId('0000000000000000000001da'),Cecilio Rico Burgos,Camino Octavia Beltran,139,Elche,Puertas Coloradas,Alicante,03202
ObjectId('0000000000000000000001db'),Rosalinda Leiva Amor,Glorieta Ruy Guardiola,121,Elche,Raval,Alicante,03200
ObjectId('0000000000000000000001dc'),Agustina Jáuregui León,Callejón de Valentín Aroca,79,Elche,San Antón,Alicante,03205
ObjectId('0000000000000000000001dd'),Lidia Ocaña Iniesta,Paseo Emiliano Bárcena,273,Elche,Sector Quinto,Alicante,03204
ObjectId('0000000000000000000001de'),Felisa Trinidad Torres Campillo,Plaza de Leonardo Rocha,9,Elche,Palmerales,Alicante,03200
ObjectId('0000000000000000000001df'),Martin Losa Cid,Via Xavier Cobo,62,Elche,Palmerales,Alicante,03205
ObjectId('0000000000000000000001e0'),Ricarda Calvet Pulido,Glorieta de Feliciano Hervás,73,Elche,Zona Norte,Alicante,03202
ObjectId('0000000000000000000001e1'),Catalina Eugenia Bravo Ballester,Ronda de Casandra Agullo,260,Elche,Sector Quinto,Alicante,03202
ObjectId('0000000000000000000001e2'),Jenaro Beltrán-Mascaró,Callejón Renata Narváez,189,Elche,Los Palmerales,Alicante,03203
ObjectId('0000000000000000000001e3'),Fidela Patricia Sales Soria,Plaza Imelda Sastre,172,Elche,Zona Norte,Alicante,03203
ObjectId('0000000000000000000001e4'),Silvestre Novoa Capdevila,C. Nidia Patiño,200,Elche,Puertas Coloradas,Alicante,03203
ObjectId('0000000000000000000001e5'),Luisina Leiva Perera,Pasaje Fátima Bilbao,24,Elche,Raval,Alicante,03203
ObjectId('0000000000000000000001e6'),Sosimo Escudero Vendrell,Calle de María Belén Casas,241,Elche,Palmerales,Alicante,03205
ObjectId('0000000000000000000001e7'),Antonia del Pellicer,Ronda Vasco Moraleda,146,Elche,San Antón,Alicante,03206
ObjectId('0000000000000000000001e8'),Marciano Asenjo Cerdán,Paseo Febe Nogués,91,Elche,Puertas Coloradas,Alicante,03204
ObjectId('0000000000000000000001e9'),Dalila Abril Bas,C. de María Cristina Ariño,262,Elche,Palmerales,Alicante,03204
ObjectId('0000000000000000000001ea'),Amarilis Joaquina Trillo Castañeda,Pasaje Nicolasa Oliveras,10,Elche,San Antón,Alicante,03206
ObjectId('0000000000000000000001eb'),Patricia Pellicer Salinas,Cuesta de Encarnación Barceló,24,Elche,Altabix,Alicante,03205
ObjectId('0000000000000000000001ec'),Ezequiel Verdú Pont,Plaza de Buenaventura Salinas,151,Elche,Las Bayas,Alicante,03205
ObjectId('0000000000000000000001ed'),Dolores Bas Palau,Pasaje Alfonso Calleja,17,Elche,Puertas Coloradas,Alicante,03200
ObjectId('0000000000000000000001ee'),Esther Águila Mena,Pasaje Ceferino Colom,144,Elche,San Antón,Alicante,03201
ObjectId('0000000000000000000001ef'),Cecilio Piquer-Carrillo,Acceso Serafina Iglesias,6,Elche,Raval,Alicante,03205
ObjectId('0000000000000000000001f0'),Ezequiel Campo Gil,Via Nando Ariza,158,Elche,Altabix,Alicante,03203
ObjectId('0000000000000000000001f1'),Sebastian Gibert Alfaro,Pasadizo de Fulgencio Duran,22,Elche,San Antón,Alicante,03201
ObjectId('0000000000000000000001f2'),Morena Acero-Sans,Alameda de Erasmo Ros,134,Elche,El Toscar,Alicante,03204
ObjectId('0000000000000000000001f3'),Judith de Sanmiguel,Alameda de Conrado Montero,103,Elche,Altabix,Alicante,03201
